-- phpMyAdmin SQL Dump
-- version 5.2.1
-- https://www.phpmyadmin.net/
--
-- Host: 127.0.0.1
-- Generation Time: Apr 16, 2025 at 01:34 PM
-- Server version: 10.4.32-MariaDB
-- PHP Version: 8.0.30

SET SQL_MODE = "NO_AUTO_VALUE_ON_ZERO";
START TRANSACTION;
SET time_zone = "+00:00";


/*!40101 SET @OLD_CHARACTER_SET_CLIENT=@@CHARACTER_SET_CLIENT */;
/*!40101 SET @OLD_CHARACTER_SET_RESULTS=@@CHARACTER_SET_RESULTS */;
/*!40101 SET @OLD_COLLATION_CONNECTION=@@COLLATION_CONNECTION */;
/*!40101 SET NAMES utf8mb4 */;

--
-- Database: `railway ticket management`
--

-- --------------------------------------------------------

--
-- Table structure for table `bookings`
--

CREATE TABLE `bookings` (
  `booking_id` int(11) NOT NULL,
  `user_id` int(11) NOT NULL,
  `train_code` int(11) NOT NULL,
  `travel_date` date NOT NULL,
  `total_fare` decimal(10,2) NOT NULL,
  `booking_time` timestamp NOT NULL DEFAULT current_timestamp(),
  `status_id` int(11) DEFAULT NULL
) ENGINE=InnoDB DEFAULT CHARSET=utf8mb4 COLLATE=utf8mb4_general_ci;

--
-- Dumping data for table `bookings`
--

INSERT INTO `bookings` (`booking_id`, `user_id`, `train_code`, `travel_date`, `total_fare`, `booking_time`, `status_id`) VALUES
(41, 15, 702, '2025-04-18', 6164.00, '2025-04-15 05:16:27', 2);

-- --------------------------------------------------------

--
-- Table structure for table `booking_status`
--

CREATE TABLE `booking_status` (
  `status_id` int(11) NOT NULL,
  `status_name` varchar(50) NOT NULL
) ENGINE=InnoDB DEFAULT CHARSET=utf8mb4 COLLATE=utf8mb4_general_ci;

--
-- Dumping data for table `booking_status`
--

INSERT INTO `booking_status` (`status_id`, `status_name`) VALUES
(1, 'Booked'),
(2, 'Cancelled'),
(3, 'Completed');

-- --------------------------------------------------------

--
-- Table structure for table `carriage_class`
--

CREATE TABLE `carriage_class` (
  `carriage_id` int(11) NOT NULL,
  `Type` varchar(20) NOT NULL,
  `Name` varchar(20) DEFAULT NULL,
  `class` varchar(20) DEFAULT NULL,
  `seat_per_coach` int(11) DEFAULT NULL,
  `fare` decimal(10,2) DEFAULT NULL
) ENGINE=InnoDB DEFAULT CHARSET=utf8mb4 COLLATE=utf8mb4_general_ci;

--
-- Dumping data for table `carriage_class`
--

INSERT INTO `carriage_class` (`carriage_id`, `Type`, `Name`, `class`, `seat_per_coach`, `fare`) VALUES
(1, 'AC_B', 'AC berth ', 'AC CHAIR', 40, 1541.00),
(2, 'AC_S', 'AC seat', 'AC CHAIR', 40, 1200.00),
(3, 'F_BERTH', 'first class berth ', '1st', 40, 1100.00),
(4, 'F_CHAIR', 'first class chair ', '1st', 40, 700.00),
(5, 'F_SEAT', 'first class seat ', '1st', 40, 700.00),
(6, 'SHOVAN', 'shovan ', '2nd', 40, 460.00),
(7, 'SNIGDHA', ' AC chair', 'AC CHAIR', 40, 1200.00),
(8, 'sulov', ' sulov', 'second', 40, 285.00),
(9, 'S_CHAIR', 'shovan chair', '2nd', 40, 490.00);

-- --------------------------------------------------------

--
-- Table structure for table `genders`
--

CREATE TABLE `genders` (
  `gender_id` int(11) NOT NULL,
  `gender_name` varchar(50) NOT NULL
) ENGINE=InnoDB DEFAULT CHARSET=utf8mb4 COLLATE=utf8mb4_general_ci;

--
-- Dumping data for table `genders`
--

INSERT INTO `genders` (`gender_id`, `gender_name`) VALUES
(2, 'Female'),
(1, 'Male');

-- --------------------------------------------------------

--
-- Table structure for table `passengers`
--

CREATE TABLE `passengers` (
  `passenger_id` int(11) NOT NULL,
  `booking_id` int(11) NOT NULL,
  `name` varchar(100) NOT NULL,
  `age` int(11) DEFAULT NULL,
  `gender_id` int(11) DEFAULT NULL,
  `carriage_id` int(11) DEFAULT NULL
) ENGINE=InnoDB DEFAULT CHARSET=utf8mb4 COLLATE=utf8mb4_general_ci;

--
-- Dumping data for table `passengers`
--

INSERT INTO `passengers` (`passenger_id`, `booking_id`, `name`, `age`, `gender_id`, `carriage_id`) VALUES
(78, 41, 'david villa', 12, 1, 1);

-- --------------------------------------------------------

--
-- Table structure for table `payments`
--

CREATE TABLE `payments` (
  `payment_id` int(11) NOT NULL,
  `booking_id` int(11) NOT NULL,
  `amount` decimal(10,2) NOT NULL,
  `method_id` int(11) NOT NULL,
  `status_id` int(11) DEFAULT 1,
  `payment_date` timestamp NOT NULL DEFAULT current_timestamp()
) ENGINE=InnoDB DEFAULT CHARSET=utf8mb4 COLLATE=utf8mb4_general_ci;

--
-- Dumping data for table `payments`
--

INSERT INTO `payments` (`payment_id`, `booking_id`, `amount`, `method_id`, `status_id`, `payment_date`) VALUES
(39, 41, 6164.00, 3, 2, '2025-04-15 09:16:27');

-- --------------------------------------------------------

--
-- Table structure for table `payment_methods`
--

CREATE TABLE `payment_methods` (
  `method_id` int(11) NOT NULL,
  `method_name` varchar(50) NOT NULL
) ENGINE=InnoDB DEFAULT CHARSET=utf8mb4 COLLATE=utf8mb4_general_ci;

--
-- Dumping data for table `payment_methods`
--

INSERT INTO `payment_methods` (`method_id`, `method_name`) VALUES
(3, 'Bkash'),
(1, 'Credit Card'),
(2, 'Debit Card'),
(4, 'Nagad');

-- --------------------------------------------------------

--
-- Table structure for table `payment_status`
--

CREATE TABLE `payment_status` (
  `status_id` int(11) NOT NULL,
  `status_name` varchar(20) NOT NULL
) ENGINE=InnoDB DEFAULT CHARSET=utf8mb4 COLLATE=utf8mb4_general_ci;

--
-- Dumping data for table `payment_status`
--

INSERT INTO `payment_status` (`status_id`, `status_name`) VALUES
(2, 'Completed'),
(3, 'Failed'),
(1, 'Pending');

-- --------------------------------------------------------

--
-- Table structure for table `refunds`
--

CREATE TABLE `refunds` (
  `refund_id` int(11) NOT NULL,
  `booking_id` int(11) NOT NULL,
  `payment_id` int(11) DEFAULT NULL,
  `refund_amount` decimal(10,2) NOT NULL,
  `refund_date` timestamp NOT NULL DEFAULT current_timestamp()
) ENGINE=InnoDB DEFAULT CHARSET=utf8mb4 COLLATE=utf8mb4_general_ci;

-- --------------------------------------------------------

--
-- Table structure for table `refund_rules`
--

CREATE TABLE `refund_rules` (
  `rule_id` int(11) NOT NULL,
  `hours_before_departure` int(11) NOT NULL,
  `refund_percentage` int(11) NOT NULL
) ENGINE=InnoDB DEFAULT CHARSET=utf8mb4 COLLATE=utf8mb4_general_ci;

-- --------------------------------------------------------

--
-- Table structure for table `seat_availability`
--

CREATE TABLE `seat_availability` (
  `train_code` int(11) NOT NULL,
  `carriage_id` int(11) NOT NULL,
  `available_seat` int(11) DEFAULT NULL,
  `journey_date` date NOT NULL,
  `total_seats` int(11) NOT NULL DEFAULT 0,
  `reserved_seats` int(11) NOT NULL DEFAULT 0
) ENGINE=InnoDB DEFAULT CHARSET=utf8mb4 COLLATE=utf8mb4_general_ci;

--
-- Dumping data for table `seat_availability`
--

INSERT INTO `seat_availability` (`train_code`, `carriage_id`, `available_seat`, `journey_date`, `total_seats`, `reserved_seats`) VALUES
(701, 1, 40, '2025-04-14', 40, 0),
(701, 1, 40, '2025-04-15', 40, 0),
(701, 1, 40, '2025-04-16', 40, 0),
(701, 1, 40, '2025-04-17', 40, 0),
(701, 1, 40, '2025-04-18', 40, 0),
(701, 1, 40, '2025-04-19', 40, 0),
(701, 1, 40, '2025-04-20', 40, 0),
(701, 1, 40, '2025-04-21', 40, 0),
(701, 1, 40, '2025-04-22', 40, 0),
(701, 1, 40, '2025-04-23', 40, 0),
(701, 1, 40, '2025-04-24', 40, 0),
(701, 1, 40, '2025-04-25', 40, 0),
(701, 1, 40, '2025-04-26', 40, 0),
(701, 1, 40, '2025-04-27', 40, 0),
(701, 1, 40, '2025-04-28', 40, 0),
(701, 1, 40, '2025-04-29', 40, 0),
(701, 1, 40, '2025-04-30', 40, 0),
(701, 1, 40, '2025-05-01', 40, 0),
(701, 1, 40, '2025-05-02', 40, 0),
(701, 1, 40, '2025-05-03', 40, 0),
(701, 1, 40, '2025-05-04', 40, 0),
(701, 1, 40, '2025-05-05', 40, 0),
(701, 1, 40, '2025-05-06', 40, 0),
(701, 1, 40, '2025-05-07', 40, 0),
(701, 1, 40, '2025-05-08', 40, 0),
(701, 1, 40, '2025-05-09', 40, 0),
(701, 1, 40, '2025-05-10', 40, 0),
(701, 1, 40, '2025-05-11', 40, 0),
(701, 1, 40, '2025-05-12', 40, 0),
(701, 1, 40, '2025-05-13', 40, 0),
(701, 2, 40, '2025-04-14', 40, 0),
(701, 2, 40, '2025-04-15', 40, 0),
(701, 2, 40, '2025-04-16', 40, 0),
(701, 2, 40, '2025-04-17', 40, 0),
(701, 2, 40, '2025-04-18', 40, 0),
(701, 2, 40, '2025-04-19', 40, 0),
(701, 2, 40, '2025-04-20', 40, 0),
(701, 2, 40, '2025-04-21', 40, 0),
(701, 2, 40, '2025-04-22', 40, 0),
(701, 2, 40, '2025-04-23', 40, 0),
(701, 2, 40, '2025-04-24', 40, 0),
(701, 2, 40, '2025-04-25', 40, 0),
(701, 2, 40, '2025-04-26', 40, 0),
(701, 2, 40, '2025-04-27', 40, 0),
(701, 2, 40, '2025-04-28', 40, 0),
(701, 2, 40, '2025-04-29', 40, 0),
(701, 2, 40, '2025-04-30', 40, 0),
(701, 2, 40, '2025-05-01', 40, 0),
(701, 2, 40, '2025-05-02', 40, 0),
(701, 2, 40, '2025-05-03', 40, 0),
(701, 2, 40, '2025-05-04', 40, 0),
(701, 2, 40, '2025-05-05', 40, 0),
(701, 2, 40, '2025-05-06', 40, 0),
(701, 2, 40, '2025-05-07', 40, 0),
(701, 2, 40, '2025-05-08', 40, 0),
(701, 2, 40, '2025-05-09', 40, 0),
(701, 2, 40, '2025-05-10', 40, 0),
(701, 2, 40, '2025-05-11', 40, 0),
(701, 2, 40, '2025-05-12', 40, 0),
(701, 2, 40, '2025-05-13', 40, 0),
(701, 3, 40, '2025-04-14', 40, 0),
(701, 3, 40, '2025-04-15', 40, 0),
(701, 3, 40, '2025-04-16', 40, 0),
(701, 3, 40, '2025-04-17', 40, 0),
(701, 3, 40, '2025-04-18', 40, 0),
(701, 3, 40, '2025-04-19', 40, 0),
(701, 3, 40, '2025-04-20', 40, 0),
(701, 3, 40, '2025-04-21', 40, 0),
(701, 3, 40, '2025-04-22', 40, 0),
(701, 3, 40, '2025-04-23', 40, 0),
(701, 3, 40, '2025-04-24', 40, 0),
(701, 3, 40, '2025-04-25', 40, 0),
(701, 3, 40, '2025-04-26', 40, 0),
(701, 3, 40, '2025-04-27', 40, 0),
(701, 3, 40, '2025-04-28', 40, 0),
(701, 3, 40, '2025-04-29', 40, 0),
(701, 3, 40, '2025-04-30', 40, 0),
(701, 3, 40, '2025-05-01', 40, 0),
(701, 3, 40, '2025-05-02', 40, 0),
(701, 3, 40, '2025-05-03', 40, 0),
(701, 3, 40, '2025-05-04', 40, 0),
(701, 3, 40, '2025-05-05', 40, 0),
(701, 3, 40, '2025-05-06', 40, 0),
(701, 3, 40, '2025-05-07', 40, 0),
(701, 3, 40, '2025-05-08', 40, 0),
(701, 3, 40, '2025-05-09', 40, 0),
(701, 3, 40, '2025-05-10', 40, 0),
(701, 3, 40, '2025-05-11', 40, 0),
(701, 3, 40, '2025-05-12', 40, 0),
(701, 3, 40, '2025-05-13', 40, 0),
(701, 4, 40, '2025-04-14', 40, 0),
(701, 4, 40, '2025-04-15', 40, 0),
(701, 4, 40, '2025-04-16', 40, 0),
(701, 4, 40, '2025-04-17', 40, 0),
(701, 4, 40, '2025-04-18', 40, 0),
(701, 4, 40, '2025-04-19', 40, 0),
(701, 4, 40, '2025-04-20', 40, 0),
(701, 4, 40, '2025-04-21', 40, 0),
(701, 4, 40, '2025-04-22', 40, 0),
(701, 4, 40, '2025-04-23', 40, 0),
(701, 4, 40, '2025-04-24', 40, 0),
(701, 4, 40, '2025-04-25', 40, 0),
(701, 4, 40, '2025-04-26', 40, 0),
(701, 4, 40, '2025-04-27', 40, 0),
(701, 4, 40, '2025-04-28', 40, 0),
(701, 4, 40, '2025-04-29', 40, 0),
(701, 4, 40, '2025-04-30', 40, 0),
(701, 4, 40, '2025-05-01', 40, 0),
(701, 4, 40, '2025-05-02', 40, 0),
(701, 4, 40, '2025-05-03', 40, 0),
(701, 4, 40, '2025-05-04', 40, 0),
(701, 4, 40, '2025-05-05', 40, 0),
(701, 4, 40, '2025-05-06', 40, 0),
(701, 4, 40, '2025-05-07', 40, 0),
(701, 4, 40, '2025-05-08', 40, 0),
(701, 4, 40, '2025-05-09', 40, 0),
(701, 4, 40, '2025-05-10', 40, 0),
(701, 4, 40, '2025-05-11', 40, 0),
(701, 4, 40, '2025-05-12', 40, 0),
(701, 4, 40, '2025-05-13', 40, 0),
(701, 5, 40, '2025-04-14', 40, 0),
(701, 5, 40, '2025-04-15', 40, 0),
(701, 5, 40, '2025-04-16', 40, 0),
(701, 5, 40, '2025-04-17', 40, 0),
(701, 5, 40, '2025-04-18', 40, 0),
(701, 5, 40, '2025-04-19', 40, 0),
(701, 5, 40, '2025-04-20', 40, 0),
(701, 5, 40, '2025-04-21', 40, 0),
(701, 5, 40, '2025-04-22', 40, 0),
(701, 5, 40, '2025-04-23', 40, 0),
(701, 5, 40, '2025-04-24', 40, 0),
(701, 5, 40, '2025-04-25', 40, 0),
(701, 5, 40, '2025-04-26', 40, 0),
(701, 5, 40, '2025-04-27', 40, 0),
(701, 5, 40, '2025-04-28', 40, 0),
(701, 5, 40, '2025-04-29', 40, 0),
(701, 5, 40, '2025-04-30', 40, 0),
(701, 5, 40, '2025-05-01', 40, 0),
(701, 5, 40, '2025-05-02', 40, 0),
(701, 5, 40, '2025-05-03', 40, 0),
(701, 5, 40, '2025-05-04', 40, 0),
(701, 5, 40, '2025-05-05', 40, 0),
(701, 5, 40, '2025-05-06', 40, 0),
(701, 5, 40, '2025-05-07', 40, 0),
(701, 5, 40, '2025-05-08', 40, 0),
(701, 5, 40, '2025-05-09', 40, 0),
(701, 5, 40, '2025-05-10', 40, 0),
(701, 5, 40, '2025-05-11', 40, 0),
(701, 5, 40, '2025-05-12', 40, 0),
(701, 5, 40, '2025-05-13', 40, 0),
(701, 6, 40, '2025-04-14', 40, 0),
(701, 6, 40, '2025-04-15', 40, 0),
(701, 6, 40, '2025-04-16', 40, 0),
(701, 6, 40, '2025-04-17', 40, 0),
(701, 6, 40, '2025-04-18', 40, 0),
(701, 6, 40, '2025-04-19', 40, 0),
(701, 6, 40, '2025-04-20', 40, 0),
(701, 6, 40, '2025-04-21', 40, 0),
(701, 6, 40, '2025-04-22', 40, 0),
(701, 6, 40, '2025-04-23', 40, 0),
(701, 6, 40, '2025-04-24', 40, 0),
(701, 6, 40, '2025-04-25', 40, 0),
(701, 6, 40, '2025-04-26', 40, 0),
(701, 6, 40, '2025-04-27', 40, 0),
(701, 6, 40, '2025-04-28', 40, 0),
(701, 6, 40, '2025-04-29', 40, 0),
(701, 6, 40, '2025-04-30', 40, 0),
(701, 6, 40, '2025-05-01', 40, 0),
(701, 6, 40, '2025-05-02', 40, 0),
(701, 6, 40, '2025-05-03', 40, 0),
(701, 6, 40, '2025-05-04', 40, 0),
(701, 6, 40, '2025-05-05', 40, 0),
(701, 6, 40, '2025-05-06', 40, 0),
(701, 6, 40, '2025-05-07', 40, 0),
(701, 6, 40, '2025-05-08', 40, 0),
(701, 6, 40, '2025-05-09', 40, 0),
(701, 6, 40, '2025-05-10', 40, 0),
(701, 6, 40, '2025-05-11', 40, 0),
(701, 6, 40, '2025-05-12', 40, 0),
(701, 6, 40, '2025-05-13', 40, 0),
(701, 7, 40, '2025-04-14', 40, 0),
(701, 7, 40, '2025-04-15', 40, 0),
(701, 7, 40, '2025-04-16', 40, 0),
(701, 7, 40, '2025-04-17', 40, 0),
(701, 7, 40, '2025-04-18', 40, 0),
(701, 7, 40, '2025-04-19', 40, 0),
(701, 7, 40, '2025-04-20', 40, 0),
(701, 7, 40, '2025-04-21', 40, 0),
(701, 7, 40, '2025-04-22', 40, 0),
(701, 7, 40, '2025-04-23', 40, 0),
(701, 7, 40, '2025-04-24', 40, 0),
(701, 7, 40, '2025-04-25', 40, 0),
(701, 7, 40, '2025-04-26', 40, 0),
(701, 7, 40, '2025-04-27', 40, 0),
(701, 7, 40, '2025-04-28', 40, 0),
(701, 7, 40, '2025-04-29', 40, 0),
(701, 7, 40, '2025-04-30', 40, 0),
(701, 7, 40, '2025-05-01', 40, 0),
(701, 7, 40, '2025-05-02', 40, 0),
(701, 7, 40, '2025-05-03', 40, 0),
(701, 7, 40, '2025-05-04', 40, 0),
(701, 7, 40, '2025-05-05', 40, 0),
(701, 7, 40, '2025-05-06', 40, 0),
(701, 7, 40, '2025-05-07', 40, 0),
(701, 7, 40, '2025-05-08', 40, 0),
(701, 7, 40, '2025-05-09', 40, 0),
(701, 7, 40, '2025-05-10', 40, 0),
(701, 7, 40, '2025-05-11', 40, 0),
(701, 7, 40, '2025-05-12', 40, 0),
(701, 7, 40, '2025-05-13', 40, 0),
(701, 8, 40, '2025-04-14', 40, 0),
(701, 8, 40, '2025-04-15', 40, 0),
(701, 8, 40, '2025-04-16', 40, 0),
(701, 8, 40, '2025-04-17', 40, 0),
(701, 8, 40, '2025-04-18', 40, 0),
(701, 8, 40, '2025-04-19', 40, 0),
(701, 8, 40, '2025-04-20', 40, 0),
(701, 8, 40, '2025-04-21', 40, 0),
(701, 8, 40, '2025-04-22', 40, 0),
(701, 8, 40, '2025-04-23', 40, 0),
(701, 8, 40, '2025-04-24', 40, 0),
(701, 8, 40, '2025-04-25', 40, 0),
(701, 8, 40, '2025-04-26', 40, 0),
(701, 8, 40, '2025-04-27', 40, 0),
(701, 8, 40, '2025-04-28', 40, 0),
(701, 8, 40, '2025-04-29', 40, 0),
(701, 8, 40, '2025-04-30', 40, 0),
(701, 8, 40, '2025-05-01', 40, 0),
(701, 8, 40, '2025-05-02', 40, 0),
(701, 8, 40, '2025-05-03', 40, 0),
(701, 8, 40, '2025-05-04', 40, 0),
(701, 8, 40, '2025-05-05', 40, 0),
(701, 8, 40, '2025-05-06', 40, 0),
(701, 8, 40, '2025-05-07', 40, 0),
(701, 8, 40, '2025-05-08', 40, 0),
(701, 8, 40, '2025-05-09', 40, 0),
(701, 8, 40, '2025-05-10', 40, 0),
(701, 8, 40, '2025-05-11', 40, 0),
(701, 8, 40, '2025-05-12', 40, 0),
(701, 8, 40, '2025-05-13', 40, 0),
(701, 9, 40, '2025-04-14', 40, 0),
(701, 9, 40, '2025-04-15', 40, 0),
(701, 9, 40, '2025-04-16', 40, 0),
(701, 9, 40, '2025-04-17', 40, 0),
(701, 9, 40, '2025-04-18', 40, 0),
(701, 9, 40, '2025-04-19', 40, 0),
(701, 9, 40, '2025-04-20', 40, 0),
(701, 9, 40, '2025-04-21', 40, 0),
(701, 9, 40, '2025-04-22', 40, 0),
(701, 9, 40, '2025-04-23', 40, 0),
(701, 9, 40, '2025-04-24', 40, 0),
(701, 9, 40, '2025-04-25', 40, 0),
(701, 9, 40, '2025-04-26', 40, 0),
(701, 9, 40, '2025-04-27', 40, 0),
(701, 9, 40, '2025-04-28', 40, 0),
(701, 9, 40, '2025-04-29', 40, 0),
(701, 9, 40, '2025-04-30', 40, 0),
(701, 9, 40, '2025-05-01', 40, 0),
(701, 9, 40, '2025-05-02', 40, 0),
(701, 9, 40, '2025-05-03', 40, 0),
(701, 9, 40, '2025-05-04', 40, 0),
(701, 9, 40, '2025-05-05', 40, 0),
(701, 9, 40, '2025-05-06', 40, 0),
(701, 9, 40, '2025-05-07', 40, 0),
(701, 9, 40, '2025-05-08', 40, 0),
(701, 9, 40, '2025-05-09', 40, 0),
(701, 9, 40, '2025-05-10', 40, 0),
(701, 9, 40, '2025-05-11', 40, 0),
(701, 9, 40, '2025-05-12', 40, 0),
(701, 9, 40, '2025-05-13', 40, 0),
(702, 1, 40, '2025-04-14', 40, 0),
(702, 1, -12, '2025-04-15', 40, 52),
(702, 1, 40, '2025-04-16', 40, 0),
(702, 1, 40, '2025-04-17', 40, 0),
(702, 1, 38, '2025-04-18', 40, 2),
(702, 1, 40, '2025-04-19', 40, 0),
(702, 1, 40, '2025-04-20', 40, 0),
(702, 1, 40, '2025-04-21', 40, 0),
(702, 1, 40, '2025-04-22', 40, 0),
(702, 1, 40, '2025-04-23', 40, 0),
(702, 1, 40, '2025-04-24', 40, 0),
(702, 1, 40, '2025-04-25', 40, 0),
(702, 1, 40, '2025-04-26', 40, 0),
(702, 1, 40, '2025-04-27', 40, 0),
(702, 1, 40, '2025-04-28', 40, 0),
(702, 1, 40, '2025-04-29', 40, 0),
(702, 1, 40, '2025-04-30', 40, 0),
(702, 1, 40, '2025-05-01', 40, 0),
(702, 1, 40, '2025-05-02', 40, 0),
(702, 1, 40, '2025-05-03', 40, 0),
(702, 1, 40, '2025-05-04', 40, 0),
(702, 1, 40, '2025-05-05', 40, 0),
(702, 1, 40, '2025-05-06', 40, 0),
(702, 1, 40, '2025-05-07', 40, 0),
(702, 1, 40, '2025-05-08', 40, 0),
(702, 1, 40, '2025-05-09', 40, 0),
(702, 1, 40, '2025-05-10', 40, 0),
(702, 1, 40, '2025-05-11', 40, 0),
(702, 1, 40, '2025-05-12', 40, 0),
(702, 1, 40, '2025-05-13', 40, 0),
(702, 2, 40, '2025-04-14', 40, 0),
(702, 2, 40, '2025-04-15', 40, 0),
(702, 2, 40, '2025-04-16', 40, 0),
(702, 2, 40, '2025-04-17', 40, 0),
(702, 2, 40, '2025-04-18', 40, 0),
(702, 2, 40, '2025-04-19', 40, 0),
(702, 2, 40, '2025-04-20', 40, 0),
(702, 2, 40, '2025-04-21', 40, 0),
(702, 2, 40, '2025-04-22', 40, 0),
(702, 2, 40, '2025-04-23', 40, 0),
(702, 2, 40, '2025-04-24', 40, 0),
(702, 2, 40, '2025-04-25', 40, 0),
(702, 2, 40, '2025-04-26', 40, 0),
(702, 2, 40, '2025-04-27', 40, 0),
(702, 2, 40, '2025-04-28', 40, 0),
(702, 2, 40, '2025-04-29', 40, 0),
(702, 2, 40, '2025-04-30', 40, 0),
(702, 2, 40, '2025-05-01', 40, 0),
(702, 2, 40, '2025-05-02', 40, 0),
(702, 2, 40, '2025-05-03', 40, 0),
(702, 2, 40, '2025-05-04', 40, 0),
(702, 2, 40, '2025-05-05', 40, 0),
(702, 2, 40, '2025-05-06', 40, 0),
(702, 2, 40, '2025-05-07', 40, 0),
(702, 2, 40, '2025-05-08', 40, 0),
(702, 2, 40, '2025-05-09', 40, 0),
(702, 2, 40, '2025-05-10', 40, 0),
(702, 2, 40, '2025-05-11', 40, 0),
(702, 2, 40, '2025-05-12', 40, 0),
(702, 2, 40, '2025-05-13', 40, 0),
(702, 3, 40, '2025-04-14', 40, 0),
(702, 3, 40, '2025-04-15', 40, 0),
(702, 3, 40, '2025-04-16', 40, 0),
(702, 3, 40, '2025-04-17', 40, 0),
(702, 3, 40, '2025-04-18', 40, 0),
(702, 3, 40, '2025-04-19', 40, 0),
(702, 3, 40, '2025-04-20', 40, 0),
(702, 3, 40, '2025-04-21', 40, 0),
(702, 3, 40, '2025-04-22', 40, 0),
(702, 3, 40, '2025-04-23', 40, 0),
(702, 3, 40, '2025-04-24', 40, 0),
(702, 3, 40, '2025-04-25', 40, 0),
(702, 3, 40, '2025-04-26', 40, 0),
(702, 3, 40, '2025-04-27', 40, 0),
(702, 3, 40, '2025-04-28', 40, 0),
(702, 3, 40, '2025-04-29', 40, 0),
(702, 3, 40, '2025-04-30', 40, 0),
(702, 3, 40, '2025-05-01', 40, 0),
(702, 3, 40, '2025-05-02', 40, 0),
(702, 3, 40, '2025-05-03', 40, 0),
(702, 3, 40, '2025-05-04', 40, 0),
(702, 3, 40, '2025-05-05', 40, 0),
(702, 3, 40, '2025-05-06', 40, 0),
(702, 3, 40, '2025-05-07', 40, 0),
(702, 3, 40, '2025-05-08', 40, 0),
(702, 3, 40, '2025-05-09', 40, 0),
(702, 3, 40, '2025-05-10', 40, 0),
(702, 3, 40, '2025-05-11', 40, 0),
(702, 3, 40, '2025-05-12', 40, 0),
(702, 3, 40, '2025-05-13', 40, 0),
(702, 4, 40, '2025-04-14', 40, 0),
(702, 4, 40, '2025-04-15', 40, 0),
(702, 4, 40, '2025-04-16', 40, 0),
(702, 4, 40, '2025-04-17', 40, 0),
(702, 4, 40, '2025-04-18', 40, 0),
(702, 4, 40, '2025-04-19', 40, 0),
(702, 4, 40, '2025-04-20', 40, 0),
(702, 4, 40, '2025-04-21', 40, 0),
(702, 4, 40, '2025-04-22', 40, 0),
(702, 4, 40, '2025-04-23', 40, 0),
(702, 4, 40, '2025-04-24', 40, 0),
(702, 4, 40, '2025-04-25', 40, 0),
(702, 4, 40, '2025-04-26', 40, 0),
(702, 4, 40, '2025-04-27', 40, 0),
(702, 4, 40, '2025-04-28', 40, 0),
(702, 4, 40, '2025-04-29', 40, 0),
(702, 4, 40, '2025-04-30', 40, 0),
(702, 4, 40, '2025-05-01', 40, 0),
(702, 4, 40, '2025-05-02', 40, 0),
(702, 4, 40, '2025-05-03', 40, 0),
(702, 4, 40, '2025-05-04', 40, 0),
(702, 4, 40, '2025-05-05', 40, 0),
(702, 4, 40, '2025-05-06', 40, 0),
(702, 4, 40, '2025-05-07', 40, 0),
(702, 4, 40, '2025-05-08', 40, 0),
(702, 4, 40, '2025-05-09', 40, 0),
(702, 4, 40, '2025-05-10', 40, 0),
(702, 4, 40, '2025-05-11', 40, 0),
(702, 4, 40, '2025-05-12', 40, 0),
(702, 4, 40, '2025-05-13', 40, 0),
(702, 5, 40, '2025-04-14', 40, 0),
(702, 5, 40, '2025-04-15', 40, 0),
(702, 5, 40, '2025-04-16', 40, 0),
(702, 5, 40, '2025-04-17', 40, 0),
(702, 5, 40, '2025-04-18', 40, 0),
(702, 5, 40, '2025-04-19', 40, 0),
(702, 5, 40, '2025-04-20', 40, 0),
(702, 5, 40, '2025-04-21', 40, 0),
(702, 5, 40, '2025-04-22', 40, 0),
(702, 5, 40, '2025-04-23', 40, 0),
(702, 5, 40, '2025-04-24', 40, 0),
(702, 5, 40, '2025-04-25', 40, 0),
(702, 5, 40, '2025-04-26', 40, 0),
(702, 5, 40, '2025-04-27', 40, 0),
(702, 5, 40, '2025-04-28', 40, 0),
(702, 5, 40, '2025-04-29', 40, 0),
(702, 5, 40, '2025-04-30', 40, 0),
(702, 5, 40, '2025-05-01', 40, 0),
(702, 5, 40, '2025-05-02', 40, 0),
(702, 5, 40, '2025-05-03', 40, 0),
(702, 5, 40, '2025-05-04', 40, 0),
(702, 5, 40, '2025-05-05', 40, 0),
(702, 5, 40, '2025-05-06', 40, 0),
(702, 5, 40, '2025-05-07', 40, 0),
(702, 5, 40, '2025-05-08', 40, 0),
(702, 5, 40, '2025-05-09', 40, 0),
(702, 5, 40, '2025-05-10', 40, 0),
(702, 5, 40, '2025-05-11', 40, 0),
(702, 5, 40, '2025-05-12', 40, 0),
(702, 5, 40, '2025-05-13', 40, 0),
(702, 6, 40, '2025-04-14', 40, 0),
(702, 6, 40, '2025-04-15', 40, 0),
(702, 6, 40, '2025-04-16', 40, 0),
(702, 6, 40, '2025-04-17', 40, 0),
(702, 6, 40, '2025-04-18', 40, 0),
(702, 6, 40, '2025-04-19', 40, 0),
(702, 6, 40, '2025-04-20', 40, 0),
(702, 6, 40, '2025-04-21', 40, 0),
(702, 6, 40, '2025-04-22', 40, 0),
(702, 6, 40, '2025-04-23', 40, 0),
(702, 6, 40, '2025-04-24', 40, 0),
(702, 6, 40, '2025-04-25', 40, 0),
(702, 6, 40, '2025-04-26', 40, 0),
(702, 6, 40, '2025-04-27', 40, 0),
(702, 6, 40, '2025-04-28', 40, 0),
(702, 6, 40, '2025-04-29', 40, 0),
(702, 6, 40, '2025-04-30', 40, 0),
(702, 6, 40, '2025-05-01', 40, 0),
(702, 6, 40, '2025-05-02', 40, 0),
(702, 6, 40, '2025-05-03', 40, 0),
(702, 6, 40, '2025-05-04', 40, 0),
(702, 6, 40, '2025-05-05', 40, 0),
(702, 6, 40, '2025-05-06', 40, 0),
(702, 6, 40, '2025-05-07', 40, 0),
(702, 6, 40, '2025-05-08', 40, 0),
(702, 6, 40, '2025-05-09', 40, 0),
(702, 6, 40, '2025-05-10', 40, 0),
(702, 6, 40, '2025-05-11', 40, 0),
(702, 6, 40, '2025-05-12', 40, 0),
(702, 6, 40, '2025-05-13', 40, 0),
(702, 7, 40, '2025-04-14', 40, 0),
(702, 7, 40, '2025-04-15', 40, 0),
(702, 7, 40, '2025-04-16', 40, 0),
(702, 7, 40, '2025-04-17', 40, 0),
(702, 7, 40, '2025-04-18', 40, 0),
(702, 7, 40, '2025-04-19', 40, 0),
(702, 7, 40, '2025-04-20', 40, 0),
(702, 7, 40, '2025-04-21', 40, 0),
(702, 7, 40, '2025-04-22', 40, 0),
(702, 7, 40, '2025-04-23', 40, 0),
(702, 7, 40, '2025-04-24', 40, 0),
(702, 7, 40, '2025-04-25', 40, 0),
(702, 7, 40, '2025-04-26', 40, 0),
(702, 7, 40, '2025-04-27', 40, 0),
(702, 7, 40, '2025-04-28', 40, 0),
(702, 7, 40, '2025-04-29', 40, 0),
(702, 7, 40, '2025-04-30', 40, 0),
(702, 7, 40, '2025-05-01', 40, 0),
(702, 7, 40, '2025-05-02', 40, 0),
(702, 7, 40, '2025-05-03', 40, 0),
(702, 7, 40, '2025-05-04', 40, 0),
(702, 7, 40, '2025-05-05', 40, 0),
(702, 7, 40, '2025-05-06', 40, 0),
(702, 7, 40, '2025-05-07', 40, 0),
(702, 7, 40, '2025-05-08', 40, 0),
(702, 7, 40, '2025-05-09', 40, 0),
(702, 7, 40, '2025-05-10', 40, 0),
(702, 7, 40, '2025-05-11', 40, 0),
(702, 7, 40, '2025-05-12', 40, 0),
(702, 7, 40, '2025-05-13', 40, 0),
(702, 8, 40, '2025-04-14', 40, 0),
(702, 8, 40, '2025-04-15', 40, 0),
(702, 8, 40, '2025-04-16', 40, 0),
(702, 8, 40, '2025-04-17', 40, 0),
(702, 8, 40, '2025-04-18', 40, 0),
(702, 8, 40, '2025-04-19', 40, 0),
(702, 8, 40, '2025-04-20', 40, 0),
(702, 8, 40, '2025-04-21', 40, 0),
(702, 8, 40, '2025-04-22', 40, 0),
(702, 8, 40, '2025-04-23', 40, 0),
(702, 8, 40, '2025-04-24', 40, 0),
(702, 8, 40, '2025-04-25', 40, 0),
(702, 8, 40, '2025-04-26', 40, 0),
(702, 8, 40, '2025-04-27', 40, 0),
(702, 8, 40, '2025-04-28', 40, 0),
(702, 8, 40, '2025-04-29', 40, 0),
(702, 8, 40, '2025-04-30', 40, 0),
(702, 8, 40, '2025-05-01', 40, 0),
(702, 8, 40, '2025-05-02', 40, 0),
(702, 8, 40, '2025-05-03', 40, 0),
(702, 8, 40, '2025-05-04', 40, 0),
(702, 8, 40, '2025-05-05', 40, 0),
(702, 8, 40, '2025-05-06', 40, 0),
(702, 8, 40, '2025-05-07', 40, 0),
(702, 8, 40, '2025-05-08', 40, 0),
(702, 8, 40, '2025-05-09', 40, 0),
(702, 8, 40, '2025-05-10', 40, 0),
(702, 8, 40, '2025-05-11', 40, 0),
(702, 8, 40, '2025-05-12', 40, 0),
(702, 8, 40, '2025-05-13', 40, 0),
(702, 9, 40, '2025-04-14', 40, 0),
(702, 9, 40, '2025-04-15', 40, 0),
(702, 9, 40, '2025-04-16', 40, 0),
(702, 9, 40, '2025-04-17', 40, 0),
(702, 9, 40, '2025-04-18', 40, 0),
(702, 9, 40, '2025-04-19', 40, 0),
(702, 9, 40, '2025-04-20', 40, 0),
(702, 9, 40, '2025-04-21', 40, 0),
(702, 9, 40, '2025-04-22', 40, 0),
(702, 9, 40, '2025-04-23', 40, 0),
(702, 9, 40, '2025-04-24', 40, 0),
(702, 9, 40, '2025-04-25', 40, 0),
(702, 9, 40, '2025-04-26', 40, 0),
(702, 9, 40, '2025-04-27', 40, 0),
(702, 9, 40, '2025-04-28', 40, 0),
(702, 9, 40, '2025-04-29', 40, 0),
(702, 9, 40, '2025-04-30', 40, 0),
(702, 9, 40, '2025-05-01', 40, 0),
(702, 9, 40, '2025-05-02', 40, 0),
(702, 9, 40, '2025-05-03', 40, 0),
(702, 9, 40, '2025-05-04', 40, 0),
(702, 9, 40, '2025-05-05', 40, 0),
(702, 9, 40, '2025-05-06', 40, 0),
(702, 9, 40, '2025-05-07', 40, 0),
(702, 9, 40, '2025-05-08', 40, 0),
(702, 9, 40, '2025-05-09', 40, 0),
(702, 9, 40, '2025-05-10', 40, 0),
(702, 9, 40, '2025-05-11', 40, 0),
(702, 9, 40, '2025-05-12', 40, 0),
(702, 9, 40, '2025-05-13', 40, 0),
(703, 1, 40, '2025-04-14', 40, 0),
(703, 1, 40, '2025-04-15', 40, 0),
(703, 1, 40, '2025-04-16', 40, 0),
(703, 1, 40, '2025-04-17', 40, 0),
(703, 1, 40, '2025-04-18', 40, 0),
(703, 1, 40, '2025-04-19', 40, 0),
(703, 1, 40, '2025-04-20', 40, 0),
(703, 1, 40, '2025-04-21', 40, 0),
(703, 1, 40, '2025-04-22', 40, 0),
(703, 1, 40, '2025-04-23', 40, 0),
(703, 1, 40, '2025-04-24', 40, 0),
(703, 1, 40, '2025-04-25', 40, 0),
(703, 1, 40, '2025-04-26', 40, 0),
(703, 1, 40, '2025-04-27', 40, 0),
(703, 1, 40, '2025-04-28', 40, 0),
(703, 1, 40, '2025-04-29', 40, 0),
(703, 1, 40, '2025-04-30', 40, 0),
(703, 1, 40, '2025-05-01', 40, 0),
(703, 1, 40, '2025-05-02', 40, 0),
(703, 1, 40, '2025-05-03', 40, 0),
(703, 1, 40, '2025-05-04', 40, 0),
(703, 1, 40, '2025-05-05', 40, 0),
(703, 1, 40, '2025-05-06', 40, 0),
(703, 1, 40, '2025-05-07', 40, 0),
(703, 1, 40, '2025-05-08', 40, 0),
(703, 1, 40, '2025-05-09', 40, 0),
(703, 1, 40, '2025-05-10', 40, 0),
(703, 1, 40, '2025-05-11', 40, 0),
(703, 1, 40, '2025-05-12', 40, 0),
(703, 1, 40, '2025-05-13', 40, 0),
(703, 2, 40, '2025-04-14', 40, 0),
(703, 2, 40, '2025-04-15', 40, 0),
(703, 2, 40, '2025-04-16', 40, 0),
(703, 2, 40, '2025-04-17', 40, 0),
(703, 2, 40, '2025-04-18', 40, 0),
(703, 2, 40, '2025-04-19', 40, 0),
(703, 2, 40, '2025-04-20', 40, 0),
(703, 2, 40, '2025-04-21', 40, 0),
(703, 2, 40, '2025-04-22', 40, 0),
(703, 2, 40, '2025-04-23', 40, 0),
(703, 2, 40, '2025-04-24', 40, 0),
(703, 2, 40, '2025-04-25', 40, 0),
(703, 2, 40, '2025-04-26', 40, 0),
(703, 2, 40, '2025-04-27', 40, 0),
(703, 2, 40, '2025-04-28', 40, 0),
(703, 2, 40, '2025-04-29', 40, 0),
(703, 2, 40, '2025-04-30', 40, 0),
(703, 2, 40, '2025-05-01', 40, 0),
(703, 2, 40, '2025-05-02', 40, 0),
(703, 2, 40, '2025-05-03', 40, 0),
(703, 2, 40, '2025-05-04', 40, 0),
(703, 2, 40, '2025-05-05', 40, 0),
(703, 2, 40, '2025-05-06', 40, 0),
(703, 2, 40, '2025-05-07', 40, 0),
(703, 2, 40, '2025-05-08', 40, 0),
(703, 2, 40, '2025-05-09', 40, 0),
(703, 2, 40, '2025-05-10', 40, 0),
(703, 2, 40, '2025-05-11', 40, 0),
(703, 2, 40, '2025-05-12', 40, 0),
(703, 2, 40, '2025-05-13', 40, 0),
(703, 3, 40, '2025-04-14', 40, 0),
(703, 3, 40, '2025-04-15', 40, 0),
(703, 3, 40, '2025-04-16', 40, 0),
(703, 3, 40, '2025-04-17', 40, 0),
(703, 3, 40, '2025-04-18', 40, 0),
(703, 3, 40, '2025-04-19', 40, 0),
(703, 3, 40, '2025-04-20', 40, 0),
(703, 3, 40, '2025-04-21', 40, 0),
(703, 3, 40, '2025-04-22', 40, 0),
(703, 3, 40, '2025-04-23', 40, 0),
(703, 3, 40, '2025-04-24', 40, 0),
(703, 3, 40, '2025-04-25', 40, 0),
(703, 3, 40, '2025-04-26', 40, 0),
(703, 3, 40, '2025-04-27', 40, 0),
(703, 3, 40, '2025-04-28', 40, 0),
(703, 3, 40, '2025-04-29', 40, 0),
(703, 3, 40, '2025-04-30', 40, 0),
(703, 3, 40, '2025-05-01', 40, 0),
(703, 3, 40, '2025-05-02', 40, 0),
(703, 3, 40, '2025-05-03', 40, 0),
(703, 3, 40, '2025-05-04', 40, 0),
(703, 3, 40, '2025-05-05', 40, 0),
(703, 3, 40, '2025-05-06', 40, 0),
(703, 3, 40, '2025-05-07', 40, 0),
(703, 3, 40, '2025-05-08', 40, 0),
(703, 3, 40, '2025-05-09', 40, 0),
(703, 3, 40, '2025-05-10', 40, 0),
(703, 3, 40, '2025-05-11', 40, 0),
(703, 3, 40, '2025-05-12', 40, 0),
(703, 3, 40, '2025-05-13', 40, 0),
(703, 4, 40, '2025-04-14', 40, 0),
(703, 4, 40, '2025-04-15', 40, 0),
(703, 4, 40, '2025-04-16', 40, 0),
(703, 4, 40, '2025-04-17', 40, 0),
(703, 4, 40, '2025-04-18', 40, 0),
(703, 4, 40, '2025-04-19', 40, 0),
(703, 4, 40, '2025-04-20', 40, 0),
(703, 4, 40, '2025-04-21', 40, 0),
(703, 4, 40, '2025-04-22', 40, 0),
(703, 4, 40, '2025-04-23', 40, 0),
(703, 4, 40, '2025-04-24', 40, 0),
(703, 4, 40, '2025-04-25', 40, 0),
(703, 4, 40, '2025-04-26', 40, 0),
(703, 4, 40, '2025-04-27', 40, 0),
(703, 4, 40, '2025-04-28', 40, 0),
(703, 4, 40, '2025-04-29', 40, 0),
(703, 4, 40, '2025-04-30', 40, 0),
(703, 4, 40, '2025-05-01', 40, 0),
(703, 4, 40, '2025-05-02', 40, 0),
(703, 4, 40, '2025-05-03', 40, 0),
(703, 4, 40, '2025-05-04', 40, 0),
(703, 4, 40, '2025-05-05', 40, 0),
(703, 4, 40, '2025-05-06', 40, 0),
(703, 4, 40, '2025-05-07', 40, 0),
(703, 4, 40, '2025-05-08', 40, 0),
(703, 4, 40, '2025-05-09', 40, 0),
(703, 4, 40, '2025-05-10', 40, 0),
(703, 4, 40, '2025-05-11', 40, 0),
(703, 4, 40, '2025-05-12', 40, 0),
(703, 4, 40, '2025-05-13', 40, 0),
(703, 5, 40, '2025-04-14', 40, 0),
(703, 5, 40, '2025-04-15', 40, 0),
(703, 5, 40, '2025-04-16', 40, 0),
(703, 5, 40, '2025-04-17', 40, 0),
(703, 5, 40, '2025-04-18', 40, 0),
(703, 5, 40, '2025-04-19', 40, 0),
(703, 5, 40, '2025-04-20', 40, 0),
(703, 5, 40, '2025-04-21', 40, 0),
(703, 5, 40, '2025-04-22', 40, 0),
(703, 5, 40, '2025-04-23', 40, 0),
(703, 5, 40, '2025-04-24', 40, 0),
(703, 5, 40, '2025-04-25', 40, 0),
(703, 5, 40, '2025-04-26', 40, 0),
(703, 5, 40, '2025-04-27', 40, 0),
(703, 5, 40, '2025-04-28', 40, 0),
(703, 5, 40, '2025-04-29', 40, 0),
(703, 5, 40, '2025-04-30', 40, 0),
(703, 5, 40, '2025-05-01', 40, 0),
(703, 5, 40, '2025-05-02', 40, 0),
(703, 5, 40, '2025-05-03', 40, 0),
(703, 5, 40, '2025-05-04', 40, 0),
(703, 5, 40, '2025-05-05', 40, 0),
(703, 5, 40, '2025-05-06', 40, 0),
(703, 5, 40, '2025-05-07', 40, 0),
(703, 5, 40, '2025-05-08', 40, 0),
(703, 5, 40, '2025-05-09', 40, 0),
(703, 5, 40, '2025-05-10', 40, 0),
(703, 5, 40, '2025-05-11', 40, 0),
(703, 5, 40, '2025-05-12', 40, 0),
(703, 5, 40, '2025-05-13', 40, 0),
(703, 6, 40, '2025-04-14', 40, 0),
(703, 6, 40, '2025-04-15', 40, 0),
(703, 6, 40, '2025-04-16', 40, 0),
(703, 6, 40, '2025-04-17', 40, 0),
(703, 6, 40, '2025-04-18', 40, 0),
(703, 6, 40, '2025-04-19', 40, 0),
(703, 6, 40, '2025-04-20', 40, 0),
(703, 6, 40, '2025-04-21', 40, 0),
(703, 6, 40, '2025-04-22', 40, 0),
(703, 6, 40, '2025-04-23', 40, 0),
(703, 6, 40, '2025-04-24', 40, 0),
(703, 6, 40, '2025-04-25', 40, 0),
(703, 6, 40, '2025-04-26', 40, 0),
(703, 6, 40, '2025-04-27', 40, 0),
(703, 6, 40, '2025-04-28', 40, 0),
(703, 6, 40, '2025-04-29', 40, 0),
(703, 6, 40, '2025-04-30', 40, 0),
(703, 6, 40, '2025-05-01', 40, 0),
(703, 6, 40, '2025-05-02', 40, 0),
(703, 6, 40, '2025-05-03', 40, 0),
(703, 6, 40, '2025-05-04', 40, 0),
(703, 6, 40, '2025-05-05', 40, 0),
(703, 6, 40, '2025-05-06', 40, 0),
(703, 6, 40, '2025-05-07', 40, 0),
(703, 6, 40, '2025-05-08', 40, 0),
(703, 6, 40, '2025-05-09', 40, 0),
(703, 6, 40, '2025-05-10', 40, 0),
(703, 6, 40, '2025-05-11', 40, 0),
(703, 6, 40, '2025-05-12', 40, 0),
(703, 6, 40, '2025-05-13', 40, 0),
(703, 7, 40, '2025-04-14', 40, 0),
(703, 7, 40, '2025-04-15', 40, 0),
(703, 7, 40, '2025-04-16', 40, 0),
(703, 7, 40, '2025-04-17', 40, 0),
(703, 7, 40, '2025-04-18', 40, 0),
(703, 7, 40, '2025-04-19', 40, 0),
(703, 7, 40, '2025-04-20', 40, 0),
(703, 7, 40, '2025-04-21', 40, 0),
(703, 7, 40, '2025-04-22', 40, 0),
(703, 7, 40, '2025-04-23', 40, 0),
(703, 7, 40, '2025-04-24', 40, 0),
(703, 7, 40, '2025-04-25', 40, 0),
(703, 7, 40, '2025-04-26', 40, 0),
(703, 7, 40, '2025-04-27', 40, 0),
(703, 7, 40, '2025-04-28', 40, 0),
(703, 7, 40, '2025-04-29', 40, 0),
(703, 7, 40, '2025-04-30', 40, 0),
(703, 7, 40, '2025-05-01', 40, 0),
(703, 7, 40, '2025-05-02', 40, 0),
(703, 7, 40, '2025-05-03', 40, 0),
(703, 7, 40, '2025-05-04', 40, 0),
(703, 7, 40, '2025-05-05', 40, 0),
(703, 7, 40, '2025-05-06', 40, 0),
(703, 7, 40, '2025-05-07', 40, 0),
(703, 7, 40, '2025-05-08', 40, 0),
(703, 7, 40, '2025-05-09', 40, 0),
(703, 7, 40, '2025-05-10', 40, 0),
(703, 7, 40, '2025-05-11', 40, 0),
(703, 7, 40, '2025-05-12', 40, 0),
(703, 7, 40, '2025-05-13', 40, 0),
(703, 8, 40, '2025-04-14', 40, 0),
(703, 8, 40, '2025-04-15', 40, 0),
(703, 8, 40, '2025-04-16', 40, 0),
(703, 8, 40, '2025-04-17', 40, 0),
(703, 8, 40, '2025-04-18', 40, 0),
(703, 8, 40, '2025-04-19', 40, 0),
(703, 8, 40, '2025-04-20', 40, 0),
(703, 8, 40, '2025-04-21', 40, 0),
(703, 8, 40, '2025-04-22', 40, 0),
(703, 8, 40, '2025-04-23', 40, 0),
(703, 8, 40, '2025-04-24', 40, 0),
(703, 8, 40, '2025-04-25', 40, 0),
(703, 8, 40, '2025-04-26', 40, 0),
(703, 8, 40, '2025-04-27', 40, 0),
(703, 8, 40, '2025-04-28', 40, 0),
(703, 8, 40, '2025-04-29', 40, 0),
(703, 8, 40, '2025-04-30', 40, 0),
(703, 8, 40, '2025-05-01', 40, 0),
(703, 8, 40, '2025-05-02', 40, 0),
(703, 8, 40, '2025-05-03', 40, 0),
(703, 8, 40, '2025-05-04', 40, 0),
(703, 8, 40, '2025-05-05', 40, 0),
(703, 8, 40, '2025-05-06', 40, 0),
(703, 8, 40, '2025-05-07', 40, 0),
(703, 8, 40, '2025-05-08', 40, 0),
(703, 8, 40, '2025-05-09', 40, 0),
(703, 8, 40, '2025-05-10', 40, 0),
(703, 8, 40, '2025-05-11', 40, 0),
(703, 8, 40, '2025-05-12', 40, 0),
(703, 8, 40, '2025-05-13', 40, 0),
(703, 9, 40, '2025-04-14', 40, 0),
(703, 9, 40, '2025-04-15', 40, 0),
(703, 9, 40, '2025-04-16', 40, 0),
(703, 9, 40, '2025-04-17', 40, 0),
(703, 9, 40, '2025-04-18', 40, 0),
(703, 9, 40, '2025-04-19', 40, 0),
(703, 9, 40, '2025-04-20', 40, 0),
(703, 9, 40, '2025-04-21', 40, 0),
(703, 9, 40, '2025-04-22', 40, 0),
(703, 9, 40, '2025-04-23', 40, 0),
(703, 9, 40, '2025-04-24', 40, 0),
(703, 9, 40, '2025-04-25', 40, 0),
(703, 9, 40, '2025-04-26', 40, 0),
(703, 9, 40, '2025-04-27', 40, 0),
(703, 9, 40, '2025-04-28', 40, 0),
(703, 9, 40, '2025-04-29', 40, 0),
(703, 9, 40, '2025-04-30', 40, 0),
(703, 9, 40, '2025-05-01', 40, 0),
(703, 9, 40, '2025-05-02', 40, 0),
(703, 9, 40, '2025-05-03', 40, 0),
(703, 9, 40, '2025-05-04', 40, 0),
(703, 9, 40, '2025-05-05', 40, 0),
(703, 9, 40, '2025-05-06', 40, 0),
(703, 9, 40, '2025-05-07', 40, 0),
(703, 9, 40, '2025-05-08', 40, 0),
(703, 9, 40, '2025-05-09', 40, 0),
(703, 9, 40, '2025-05-10', 40, 0),
(703, 9, 40, '2025-05-11', 40, 0),
(703, 9, 40, '2025-05-12', 40, 0),
(703, 9, 40, '2025-05-13', 40, 0),
(704, 1, 40, '2025-04-14', 40, 0),
(704, 1, 40, '2025-04-15', 40, 0),
(704, 1, 40, '2025-04-16', 40, 0),
(704, 1, 40, '2025-04-17', 40, 0),
(704, 1, 40, '2025-04-18', 40, 0),
(704, 1, 40, '2025-04-19', 40, 0),
(704, 1, 40, '2025-04-20', 40, 0),
(704, 1, 40, '2025-04-21', 40, 0),
(704, 1, 40, '2025-04-22', 40, 0),
(704, 1, 40, '2025-04-23', 40, 0),
(704, 1, 40, '2025-04-24', 40, 0),
(704, 1, 40, '2025-04-25', 40, 0),
(704, 1, 40, '2025-04-26', 40, 0),
(704, 1, 40, '2025-04-27', 40, 0),
(704, 1, 40, '2025-04-28', 40, 0),
(704, 1, 40, '2025-04-29', 40, 0),
(704, 1, 40, '2025-04-30', 40, 0),
(704, 1, 40, '2025-05-01', 40, 0),
(704, 1, 40, '2025-05-02', 40, 0),
(704, 1, 40, '2025-05-03', 40, 0),
(704, 1, 40, '2025-05-04', 40, 0),
(704, 1, 40, '2025-05-05', 40, 0),
(704, 1, 40, '2025-05-06', 40, 0),
(704, 1, 40, '2025-05-07', 40, 0),
(704, 1, 40, '2025-05-08', 40, 0),
(704, 1, 40, '2025-05-09', 40, 0),
(704, 1, 40, '2025-05-10', 40, 0),
(704, 1, 40, '2025-05-11', 40, 0),
(704, 1, 40, '2025-05-12', 40, 0),
(704, 1, 40, '2025-05-13', 40, 0),
(704, 2, 40, '2025-04-14', 40, 0),
(704, 2, 40, '2025-04-15', 40, 0),
(704, 2, 40, '2025-04-16', 40, 0),
(704, 2, 40, '2025-04-17', 40, 0),
(704, 2, 40, '2025-04-18', 40, 0),
(704, 2, 40, '2025-04-19', 40, 0),
(704, 2, 40, '2025-04-20', 40, 0),
(704, 2, 40, '2025-04-21', 40, 0),
(704, 2, 40, '2025-04-22', 40, 0),
(704, 2, 40, '2025-04-23', 40, 0),
(704, 2, 40, '2025-04-24', 40, 0),
(704, 2, 40, '2025-04-25', 40, 0),
(704, 2, 40, '2025-04-26', 40, 0),
(704, 2, 40, '2025-04-27', 40, 0),
(704, 2, 40, '2025-04-28', 40, 0),
(704, 2, 40, '2025-04-29', 40, 0),
(704, 2, 40, '2025-04-30', 40, 0),
(704, 2, 40, '2025-05-01', 40, 0),
(704, 2, 40, '2025-05-02', 40, 0),
(704, 2, 40, '2025-05-03', 40, 0),
(704, 2, 40, '2025-05-04', 40, 0),
(704, 2, 40, '2025-05-05', 40, 0),
(704, 2, 40, '2025-05-06', 40, 0),
(704, 2, 40, '2025-05-07', 40, 0),
(704, 2, 40, '2025-05-08', 40, 0),
(704, 2, 40, '2025-05-09', 40, 0),
(704, 2, 40, '2025-05-10', 40, 0),
(704, 2, 40, '2025-05-11', 40, 0),
(704, 2, 40, '2025-05-12', 40, 0),
(704, 2, 40, '2025-05-13', 40, 0),
(704, 3, 40, '2025-04-14', 40, 0),
(704, 3, 40, '2025-04-15', 40, 0),
(704, 3, 40, '2025-04-16', 40, 0),
(704, 3, 40, '2025-04-17', 40, 0),
(704, 3, 40, '2025-04-18', 40, 0),
(704, 3, 40, '2025-04-19', 40, 0),
(704, 3, 40, '2025-04-20', 40, 0),
(704, 3, 40, '2025-04-21', 40, 0),
(704, 3, 40, '2025-04-22', 40, 0),
(704, 3, 40, '2025-04-23', 40, 0),
(704, 3, 40, '2025-04-24', 40, 0),
(704, 3, 40, '2025-04-25', 40, 0),
(704, 3, 40, '2025-04-26', 40, 0),
(704, 3, 40, '2025-04-27', 40, 0),
(704, 3, 40, '2025-04-28', 40, 0),
(704, 3, 40, '2025-04-29', 40, 0),
(704, 3, 40, '2025-04-30', 40, 0),
(704, 3, 40, '2025-05-01', 40, 0),
(704, 3, 40, '2025-05-02', 40, 0),
(704, 3, 40, '2025-05-03', 40, 0),
(704, 3, 40, '2025-05-04', 40, 0),
(704, 3, 40, '2025-05-05', 40, 0),
(704, 3, 40, '2025-05-06', 40, 0),
(704, 3, 40, '2025-05-07', 40, 0),
(704, 3, 40, '2025-05-08', 40, 0),
(704, 3, 40, '2025-05-09', 40, 0),
(704, 3, 40, '2025-05-10', 40, 0),
(704, 3, 40, '2025-05-11', 40, 0),
(704, 3, 40, '2025-05-12', 40, 0),
(704, 3, 40, '2025-05-13', 40, 0),
(704, 4, 40, '2025-04-14', 40, 0),
(704, 4, 40, '2025-04-15', 40, 0),
(704, 4, 40, '2025-04-16', 40, 0),
(704, 4, 40, '2025-04-17', 40, 0),
(704, 4, 40, '2025-04-18', 40, 0),
(704, 4, 40, '2025-04-19', 40, 0),
(704, 4, 40, '2025-04-20', 40, 0),
(704, 4, 40, '2025-04-21', 40, 0),
(704, 4, 40, '2025-04-22', 40, 0),
(704, 4, 40, '2025-04-23', 40, 0),
(704, 4, 40, '2025-04-24', 40, 0),
(704, 4, 40, '2025-04-25', 40, 0),
(704, 4, 40, '2025-04-26', 40, 0),
(704, 4, 40, '2025-04-27', 40, 0),
(704, 4, 40, '2025-04-28', 40, 0),
(704, 4, 40, '2025-04-29', 40, 0),
(704, 4, 40, '2025-04-30', 40, 0),
(704, 4, 40, '2025-05-01', 40, 0),
(704, 4, 40, '2025-05-02', 40, 0),
(704, 4, 40, '2025-05-03', 40, 0),
(704, 4, 40, '2025-05-04', 40, 0),
(704, 4, 40, '2025-05-05', 40, 0),
(704, 4, 40, '2025-05-06', 40, 0),
(704, 4, 40, '2025-05-07', 40, 0),
(704, 4, 40, '2025-05-08', 40, 0),
(704, 4, 40, '2025-05-09', 40, 0),
(704, 4, 40, '2025-05-10', 40, 0),
(704, 4, 40, '2025-05-11', 40, 0),
(704, 4, 40, '2025-05-12', 40, 0),
(704, 4, 40, '2025-05-13', 40, 0),
(704, 5, 40, '2025-04-14', 40, 0),
(704, 5, 40, '2025-04-15', 40, 0),
(704, 5, 40, '2025-04-16', 40, 0),
(704, 5, 40, '2025-04-17', 40, 0),
(704, 5, 40, '2025-04-18', 40, 0),
(704, 5, 40, '2025-04-19', 40, 0),
(704, 5, 40, '2025-04-20', 40, 0),
(704, 5, 40, '2025-04-21', 40, 0),
(704, 5, 40, '2025-04-22', 40, 0),
(704, 5, 40, '2025-04-23', 40, 0),
(704, 5, 40, '2025-04-24', 40, 0),
(704, 5, 40, '2025-04-25', 40, 0),
(704, 5, 40, '2025-04-26', 40, 0),
(704, 5, 40, '2025-04-27', 40, 0),
(704, 5, 40, '2025-04-28', 40, 0),
(704, 5, 40, '2025-04-29', 40, 0),
(704, 5, 40, '2025-04-30', 40, 0),
(704, 5, 40, '2025-05-01', 40, 0),
(704, 5, 40, '2025-05-02', 40, 0),
(704, 5, 40, '2025-05-03', 40, 0),
(704, 5, 40, '2025-05-04', 40, 0),
(704, 5, 40, '2025-05-05', 40, 0),
(704, 5, 40, '2025-05-06', 40, 0),
(704, 5, 40, '2025-05-07', 40, 0),
(704, 5, 40, '2025-05-08', 40, 0),
(704, 5, 40, '2025-05-09', 40, 0),
(704, 5, 40, '2025-05-10', 40, 0),
(704, 5, 40, '2025-05-11', 40, 0),
(704, 5, 40, '2025-05-12', 40, 0),
(704, 5, 40, '2025-05-13', 40, 0),
(704, 6, 40, '2025-04-14', 40, 0),
(704, 6, 40, '2025-04-15', 40, 0),
(704, 6, 40, '2025-04-16', 40, 0),
(704, 6, 40, '2025-04-17', 40, 0),
(704, 6, 40, '2025-04-18', 40, 0),
(704, 6, 40, '2025-04-19', 40, 0),
(704, 6, 40, '2025-04-20', 40, 0),
(704, 6, 40, '2025-04-21', 40, 0),
(704, 6, 40, '2025-04-22', 40, 0),
(704, 6, 40, '2025-04-23', 40, 0),
(704, 6, 40, '2025-04-24', 40, 0),
(704, 6, 40, '2025-04-25', 40, 0),
(704, 6, 40, '2025-04-26', 40, 0),
(704, 6, 40, '2025-04-27', 40, 0),
(704, 6, 40, '2025-04-28', 40, 0),
(704, 6, 40, '2025-04-29', 40, 0),
(704, 6, 40, '2025-04-30', 40, 0),
(704, 6, 40, '2025-05-01', 40, 0),
(704, 6, 40, '2025-05-02', 40, 0),
(704, 6, 40, '2025-05-03', 40, 0),
(704, 6, 40, '2025-05-04', 40, 0),
(704, 6, 40, '2025-05-05', 40, 0),
(704, 6, 40, '2025-05-06', 40, 0),
(704, 6, 40, '2025-05-07', 40, 0),
(704, 6, 40, '2025-05-08', 40, 0),
(704, 6, 40, '2025-05-09', 40, 0),
(704, 6, 40, '2025-05-10', 40, 0),
(704, 6, 40, '2025-05-11', 40, 0),
(704, 6, 40, '2025-05-12', 40, 0),
(704, 6, 40, '2025-05-13', 40, 0),
(704, 7, 40, '2025-04-14', 40, 0),
(704, 7, 40, '2025-04-15', 40, 0),
(704, 7, 40, '2025-04-16', 40, 0),
(704, 7, 40, '2025-04-17', 40, 0),
(704, 7, 40, '2025-04-18', 40, 0),
(704, 7, 40, '2025-04-19', 40, 0),
(704, 7, 40, '2025-04-20', 40, 0),
(704, 7, 40, '2025-04-21', 40, 0),
(704, 7, 40, '2025-04-22', 40, 0),
(704, 7, 40, '2025-04-23', 40, 0),
(704, 7, 40, '2025-04-24', 40, 0),
(704, 7, 40, '2025-04-25', 40, 0),
(704, 7, 40, '2025-04-26', 40, 0),
(704, 7, 40, '2025-04-27', 40, 0),
(704, 7, 40, '2025-04-28', 40, 0),
(704, 7, 40, '2025-04-29', 40, 0),
(704, 7, 40, '2025-04-30', 40, 0),
(704, 7, 40, '2025-05-01', 40, 0),
(704, 7, 40, '2025-05-02', 40, 0),
(704, 7, 40, '2025-05-03', 40, 0),
(704, 7, 40, '2025-05-04', 40, 0),
(704, 7, 40, '2025-05-05', 40, 0),
(704, 7, 40, '2025-05-06', 40, 0),
(704, 7, 40, '2025-05-07', 40, 0),
(704, 7, 40, '2025-05-08', 40, 0),
(704, 7, 40, '2025-05-09', 40, 0),
(704, 7, 40, '2025-05-10', 40, 0),
(704, 7, 40, '2025-05-11', 40, 0),
(704, 7, 40, '2025-05-12', 40, 0),
(704, 7, 40, '2025-05-13', 40, 0),
(704, 8, 40, '2025-04-14', 40, 0),
(704, 8, 40, '2025-04-15', 40, 0),
(704, 8, 40, '2025-04-16', 40, 0),
(704, 8, 40, '2025-04-17', 40, 0),
(704, 8, 40, '2025-04-18', 40, 0),
(704, 8, 40, '2025-04-19', 40, 0),
(704, 8, 40, '2025-04-20', 40, 0),
(704, 8, 40, '2025-04-21', 40, 0),
(704, 8, 40, '2025-04-22', 40, 0),
(704, 8, 40, '2025-04-23', 40, 0),
(704, 8, 40, '2025-04-24', 40, 0),
(704, 8, 40, '2025-04-25', 40, 0),
(704, 8, 40, '2025-04-26', 40, 0),
(704, 8, 40, '2025-04-27', 40, 0),
(704, 8, 40, '2025-04-28', 40, 0),
(704, 8, 40, '2025-04-29', 40, 0),
(704, 8, 40, '2025-04-30', 40, 0),
(704, 8, 40, '2025-05-01', 40, 0),
(704, 8, 40, '2025-05-02', 40, 0),
(704, 8, 40, '2025-05-03', 40, 0),
(704, 8, 40, '2025-05-04', 40, 0),
(704, 8, 40, '2025-05-05', 40, 0),
(704, 8, 40, '2025-05-06', 40, 0),
(704, 8, 40, '2025-05-07', 40, 0),
(704, 8, 40, '2025-05-08', 40, 0),
(704, 8, 40, '2025-05-09', 40, 0),
(704, 8, 40, '2025-05-10', 40, 0),
(704, 8, 40, '2025-05-11', 40, 0),
(704, 8, 40, '2025-05-12', 40, 0),
(704, 8, 40, '2025-05-13', 40, 0),
(704, 9, 40, '2025-04-14', 40, 0),
(704, 9, 40, '2025-04-15', 40, 0),
(704, 9, 40, '2025-04-16', 40, 0),
(704, 9, 40, '2025-04-17', 40, 0),
(704, 9, 40, '2025-04-18', 40, 0),
(704, 9, 40, '2025-04-19', 40, 0),
(704, 9, 40, '2025-04-20', 40, 0),
(704, 9, 40, '2025-04-21', 40, 0),
(704, 9, 40, '2025-04-22', 40, 0),
(704, 9, 40, '2025-04-23', 40, 0),
(704, 9, 40, '2025-04-24', 40, 0),
(704, 9, 40, '2025-04-25', 40, 0),
(704, 9, 40, '2025-04-26', 40, 0),
(704, 9, 40, '2025-04-27', 40, 0),
(704, 9, 40, '2025-04-28', 40, 0),
(704, 9, 40, '2025-04-29', 40, 0),
(704, 9, 40, '2025-04-30', 40, 0),
(704, 9, 40, '2025-05-01', 40, 0),
(704, 9, 40, '2025-05-02', 40, 0),
(704, 9, 40, '2025-05-03', 40, 0),
(704, 9, 40, '2025-05-04', 40, 0),
(704, 9, 40, '2025-05-05', 40, 0),
(704, 9, 40, '2025-05-06', 40, 0),
(704, 9, 40, '2025-05-07', 40, 0),
(704, 9, 40, '2025-05-08', 40, 0),
(704, 9, 40, '2025-05-09', 40, 0),
(704, 9, 40, '2025-05-10', 40, 0),
(704, 9, 40, '2025-05-11', 40, 0),
(704, 9, 40, '2025-05-12', 40, 0),
(704, 9, 40, '2025-05-13', 40, 0),
(705, 1, 40, '2025-04-14', 40, 0),
(705, 1, 40, '2025-04-15', 40, 0),
(705, 1, 40, '2025-04-16', 40, 0),
(705, 1, 40, '2025-04-17', 40, 0),
(705, 1, 40, '2025-04-18', 40, 0),
(705, 1, 40, '2025-04-19', 40, 0),
(705, 1, 40, '2025-04-20', 40, 0),
(705, 1, 40, '2025-04-21', 40, 0),
(705, 1, 40, '2025-04-22', 40, 0),
(705, 1, 40, '2025-04-23', 40, 0),
(705, 1, 40, '2025-04-24', 40, 0),
(705, 1, 40, '2025-04-25', 40, 0),
(705, 1, 40, '2025-04-26', 40, 0),
(705, 1, 40, '2025-04-27', 40, 0),
(705, 1, 40, '2025-04-28', 40, 0),
(705, 1, 40, '2025-04-29', 40, 0),
(705, 1, 40, '2025-04-30', 40, 0),
(705, 1, 40, '2025-05-01', 40, 0),
(705, 1, 40, '2025-05-02', 40, 0),
(705, 1, 40, '2025-05-03', 40, 0),
(705, 1, 40, '2025-05-04', 40, 0),
(705, 1, 40, '2025-05-05', 40, 0),
(705, 1, 40, '2025-05-06', 40, 0),
(705, 1, 40, '2025-05-07', 40, 0),
(705, 1, 40, '2025-05-08', 40, 0),
(705, 1, 40, '2025-05-09', 40, 0),
(705, 1, 40, '2025-05-10', 40, 0),
(705, 1, 40, '2025-05-11', 40, 0),
(705, 1, 40, '2025-05-12', 40, 0),
(705, 1, 40, '2025-05-13', 40, 0),
(705, 2, 40, '2025-04-14', 40, 0),
(705, 2, 40, '2025-04-15', 40, 0),
(705, 2, 40, '2025-04-16', 40, 0),
(705, 2, 40, '2025-04-17', 40, 0),
(705, 2, 40, '2025-04-18', 40, 0),
(705, 2, 40, '2025-04-19', 40, 0),
(705, 2, 40, '2025-04-20', 40, 0),
(705, 2, 40, '2025-04-21', 40, 0),
(705, 2, 40, '2025-04-22', 40, 0),
(705, 2, 40, '2025-04-23', 40, 0),
(705, 2, 40, '2025-04-24', 40, 0),
(705, 2, 40, '2025-04-25', 40, 0),
(705, 2, 40, '2025-04-26', 40, 0),
(705, 2, 40, '2025-04-27', 40, 0),
(705, 2, 40, '2025-04-28', 40, 0),
(705, 2, 40, '2025-04-29', 40, 0),
(705, 2, 40, '2025-04-30', 40, 0),
(705, 2, 40, '2025-05-01', 40, 0),
(705, 2, 40, '2025-05-02', 40, 0),
(705, 2, 40, '2025-05-03', 40, 0),
(705, 2, 40, '2025-05-04', 40, 0),
(705, 2, 40, '2025-05-05', 40, 0),
(705, 2, 40, '2025-05-06', 40, 0),
(705, 2, 40, '2025-05-07', 40, 0),
(705, 2, 40, '2025-05-08', 40, 0),
(705, 2, 40, '2025-05-09', 40, 0),
(705, 2, 40, '2025-05-10', 40, 0),
(705, 2, 40, '2025-05-11', 40, 0),
(705, 2, 40, '2025-05-12', 40, 0),
(705, 2, 40, '2025-05-13', 40, 0),
(705, 3, 40, '2025-04-14', 40, 0),
(705, 3, 40, '2025-04-15', 40, 0),
(705, 3, 40, '2025-04-16', 40, 0),
(705, 3, 40, '2025-04-17', 40, 0),
(705, 3, 40, '2025-04-18', 40, 0),
(705, 3, 40, '2025-04-19', 40, 0),
(705, 3, 40, '2025-04-20', 40, 0),
(705, 3, 40, '2025-04-21', 40, 0),
(705, 3, 40, '2025-04-22', 40, 0),
(705, 3, 40, '2025-04-23', 40, 0),
(705, 3, 40, '2025-04-24', 40, 0),
(705, 3, 40, '2025-04-25', 40, 0),
(705, 3, 40, '2025-04-26', 40, 0),
(705, 3, 40, '2025-04-27', 40, 0),
(705, 3, 40, '2025-04-28', 40, 0),
(705, 3, 40, '2025-04-29', 40, 0),
(705, 3, 40, '2025-04-30', 40, 0),
(705, 3, 40, '2025-05-01', 40, 0),
(705, 3, 40, '2025-05-02', 40, 0),
(705, 3, 40, '2025-05-03', 40, 0),
(705, 3, 40, '2025-05-04', 40, 0),
(705, 3, 40, '2025-05-05', 40, 0),
(705, 3, 40, '2025-05-06', 40, 0),
(705, 3, 40, '2025-05-07', 40, 0),
(705, 3, 40, '2025-05-08', 40, 0),
(705, 3, 40, '2025-05-09', 40, 0),
(705, 3, 40, '2025-05-10', 40, 0),
(705, 3, 40, '2025-05-11', 40, 0),
(705, 3, 40, '2025-05-12', 40, 0),
(705, 3, 40, '2025-05-13', 40, 0),
(705, 4, 40, '2025-04-14', 40, 0),
(705, 4, 40, '2025-04-15', 40, 0),
(705, 4, 40, '2025-04-16', 40, 0),
(705, 4, 40, '2025-04-17', 40, 0),
(705, 4, 40, '2025-04-18', 40, 0),
(705, 4, 40, '2025-04-19', 40, 0),
(705, 4, 40, '2025-04-20', 40, 0),
(705, 4, 40, '2025-04-21', 40, 0),
(705, 4, 40, '2025-04-22', 40, 0),
(705, 4, 40, '2025-04-23', 40, 0),
(705, 4, 40, '2025-04-24', 40, 0),
(705, 4, 40, '2025-04-25', 40, 0),
(705, 4, 40, '2025-04-26', 40, 0),
(705, 4, 40, '2025-04-27', 40, 0),
(705, 4, 40, '2025-04-28', 40, 0),
(705, 4, 40, '2025-04-29', 40, 0),
(705, 4, 40, '2025-04-30', 40, 0),
(705, 4, 40, '2025-05-01', 40, 0),
(705, 4, 40, '2025-05-02', 40, 0),
(705, 4, 40, '2025-05-03', 40, 0),
(705, 4, 40, '2025-05-04', 40, 0),
(705, 4, 40, '2025-05-05', 40, 0),
(705, 4, 40, '2025-05-06', 40, 0),
(705, 4, 40, '2025-05-07', 40, 0),
(705, 4, 40, '2025-05-08', 40, 0),
(705, 4, 40, '2025-05-09', 40, 0),
(705, 4, 40, '2025-05-10', 40, 0),
(705, 4, 40, '2025-05-11', 40, 0),
(705, 4, 40, '2025-05-12', 40, 0),
(705, 4, 40, '2025-05-13', 40, 0),
(705, 5, 40, '2025-04-14', 40, 0),
(705, 5, 40, '2025-04-15', 40, 0),
(705, 5, 40, '2025-04-16', 40, 0),
(705, 5, 40, '2025-04-17', 40, 0),
(705, 5, 40, '2025-04-18', 40, 0),
(705, 5, 40, '2025-04-19', 40, 0),
(705, 5, 40, '2025-04-20', 40, 0),
(705, 5, 40, '2025-04-21', 40, 0),
(705, 5, 40, '2025-04-22', 40, 0),
(705, 5, 40, '2025-04-23', 40, 0),
(705, 5, 40, '2025-04-24', 40, 0),
(705, 5, 40, '2025-04-25', 40, 0),
(705, 5, 40, '2025-04-26', 40, 0),
(705, 5, 40, '2025-04-27', 40, 0),
(705, 5, 40, '2025-04-28', 40, 0),
(705, 5, 40, '2025-04-29', 40, 0),
(705, 5, 40, '2025-04-30', 40, 0),
(705, 5, 40, '2025-05-01', 40, 0),
(705, 5, 40, '2025-05-02', 40, 0),
(705, 5, 40, '2025-05-03', 40, 0),
(705, 5, 40, '2025-05-04', 40, 0),
(705, 5, 40, '2025-05-05', 40, 0),
(705, 5, 40, '2025-05-06', 40, 0),
(705, 5, 40, '2025-05-07', 40, 0),
(705, 5, 40, '2025-05-08', 40, 0),
(705, 5, 40, '2025-05-09', 40, 0),
(705, 5, 40, '2025-05-10', 40, 0),
(705, 5, 40, '2025-05-11', 40, 0),
(705, 5, 40, '2025-05-12', 40, 0),
(705, 5, 40, '2025-05-13', 40, 0),
(705, 6, 40, '2025-04-14', 40, 0),
(705, 6, 40, '2025-04-15', 40, 0),
(705, 6, 40, '2025-04-16', 40, 0),
(705, 6, 40, '2025-04-17', 40, 0),
(705, 6, 40, '2025-04-18', 40, 0),
(705, 6, 40, '2025-04-19', 40, 0),
(705, 6, 40, '2025-04-20', 40, 0),
(705, 6, 40, '2025-04-21', 40, 0),
(705, 6, 40, '2025-04-22', 40, 0),
(705, 6, 40, '2025-04-23', 40, 0),
(705, 6, 40, '2025-04-24', 40, 0),
(705, 6, 40, '2025-04-25', 40, 0),
(705, 6, 40, '2025-04-26', 40, 0),
(705, 6, 40, '2025-04-27', 40, 0),
(705, 6, 40, '2025-04-28', 40, 0),
(705, 6, 40, '2025-04-29', 40, 0),
(705, 6, 40, '2025-04-30', 40, 0),
(705, 6, 40, '2025-05-01', 40, 0),
(705, 6, 40, '2025-05-02', 40, 0),
(705, 6, 40, '2025-05-03', 40, 0),
(705, 6, 40, '2025-05-04', 40, 0),
(705, 6, 40, '2025-05-05', 40, 0),
(705, 6, 40, '2025-05-06', 40, 0),
(705, 6, 40, '2025-05-07', 40, 0),
(705, 6, 40, '2025-05-08', 40, 0),
(705, 6, 40, '2025-05-09', 40, 0),
(705, 6, 40, '2025-05-10', 40, 0),
(705, 6, 40, '2025-05-11', 40, 0),
(705, 6, 40, '2025-05-12', 40, 0),
(705, 6, 40, '2025-05-13', 40, 0),
(705, 7, 40, '2025-04-14', 40, 0),
(705, 7, 40, '2025-04-15', 40, 0),
(705, 7, 40, '2025-04-16', 40, 0),
(705, 7, 40, '2025-04-17', 40, 0),
(705, 7, 40, '2025-04-18', 40, 0),
(705, 7, 40, '2025-04-19', 40, 0),
(705, 7, 40, '2025-04-20', 40, 0),
(705, 7, 40, '2025-04-21', 40, 0),
(705, 7, 40, '2025-04-22', 40, 0),
(705, 7, 40, '2025-04-23', 40, 0),
(705, 7, 40, '2025-04-24', 40, 0),
(705, 7, 40, '2025-04-25', 40, 0),
(705, 7, 40, '2025-04-26', 40, 0),
(705, 7, 40, '2025-04-27', 40, 0),
(705, 7, 40, '2025-04-28', 40, 0),
(705, 7, 40, '2025-04-29', 40, 0),
(705, 7, 40, '2025-04-30', 40, 0),
(705, 7, 40, '2025-05-01', 40, 0),
(705, 7, 40, '2025-05-02', 40, 0),
(705, 7, 40, '2025-05-03', 40, 0),
(705, 7, 40, '2025-05-04', 40, 0),
(705, 7, 40, '2025-05-05', 40, 0),
(705, 7, 40, '2025-05-06', 40, 0),
(705, 7, 40, '2025-05-07', 40, 0),
(705, 7, 40, '2025-05-08', 40, 0),
(705, 7, 40, '2025-05-09', 40, 0),
(705, 7, 40, '2025-05-10', 40, 0),
(705, 7, 40, '2025-05-11', 40, 0),
(705, 7, 40, '2025-05-12', 40, 0),
(705, 7, 40, '2025-05-13', 40, 0),
(705, 8, 40, '2025-04-14', 40, 0),
(705, 8, 40, '2025-04-15', 40, 0),
(705, 8, 40, '2025-04-16', 40, 0),
(705, 8, 40, '2025-04-17', 40, 0),
(705, 8, 40, '2025-04-18', 40, 0),
(705, 8, 40, '2025-04-19', 40, 0),
(705, 8, 40, '2025-04-20', 40, 0),
(705, 8, 40, '2025-04-21', 40, 0),
(705, 8, 40, '2025-04-22', 40, 0),
(705, 8, 40, '2025-04-23', 40, 0),
(705, 8, 40, '2025-04-24', 40, 0),
(705, 8, 40, '2025-04-25', 40, 0),
(705, 8, 40, '2025-04-26', 40, 0),
(705, 8, 40, '2025-04-27', 40, 0),
(705, 8, 40, '2025-04-28', 40, 0),
(705, 8, 40, '2025-04-29', 40, 0),
(705, 8, 40, '2025-04-30', 40, 0),
(705, 8, 40, '2025-05-01', 40, 0),
(705, 8, 40, '2025-05-02', 40, 0),
(705, 8, 40, '2025-05-03', 40, 0),
(705, 8, 40, '2025-05-04', 40, 0),
(705, 8, 40, '2025-05-05', 40, 0),
(705, 8, 40, '2025-05-06', 40, 0),
(705, 8, 40, '2025-05-07', 40, 0),
(705, 8, 40, '2025-05-08', 40, 0),
(705, 8, 40, '2025-05-09', 40, 0),
(705, 8, 40, '2025-05-10', 40, 0),
(705, 8, 40, '2025-05-11', 40, 0),
(705, 8, 40, '2025-05-12', 40, 0),
(705, 8, 40, '2025-05-13', 40, 0),
(705, 9, 40, '2025-04-14', 40, 0),
(705, 9, 40, '2025-04-15', 40, 0),
(705, 9, 40, '2025-04-16', 40, 0),
(705, 9, 40, '2025-04-17', 40, 0),
(705, 9, 40, '2025-04-18', 40, 0),
(705, 9, 40, '2025-04-19', 40, 0),
(705, 9, 40, '2025-04-20', 40, 0),
(705, 9, 40, '2025-04-21', 40, 0),
(705, 9, 40, '2025-04-22', 40, 0),
(705, 9, 40, '2025-04-23', 40, 0),
(705, 9, 40, '2025-04-24', 40, 0),
(705, 9, 40, '2025-04-25', 40, 0),
(705, 9, 40, '2025-04-26', 40, 0),
(705, 9, 40, '2025-04-27', 40, 0),
(705, 9, 40, '2025-04-28', 40, 0),
(705, 9, 40, '2025-04-29', 40, 0),
(705, 9, 40, '2025-04-30', 40, 0),
(705, 9, 40, '2025-05-01', 40, 0),
(705, 9, 40, '2025-05-02', 40, 0),
(705, 9, 40, '2025-05-03', 40, 0),
(705, 9, 40, '2025-05-04', 40, 0),
(705, 9, 40, '2025-05-05', 40, 0),
(705, 9, 40, '2025-05-06', 40, 0),
(705, 9, 40, '2025-05-07', 40, 0),
(705, 9, 40, '2025-05-08', 40, 0),
(705, 9, 40, '2025-05-09', 40, 0),
(705, 9, 40, '2025-05-10', 40, 0),
(705, 9, 40, '2025-05-11', 40, 0),
(705, 9, 40, '2025-05-12', 40, 0),
(705, 9, 40, '2025-05-13', 40, 0),
(706, 1, 40, '2025-04-14', 40, 0),
(706, 1, 40, '2025-04-15', 40, 0),
(706, 1, 40, '2025-04-16', 40, 0),
(706, 1, 40, '2025-04-17', 40, 0),
(706, 1, 40, '2025-04-18', 40, 0),
(706, 1, 40, '2025-04-19', 40, 0),
(706, 1, 40, '2025-04-20', 40, 0),
(706, 1, 40, '2025-04-21', 40, 0),
(706, 1, 40, '2025-04-22', 40, 0),
(706, 1, 40, '2025-04-23', 40, 0),
(706, 1, 40, '2025-04-24', 40, 0),
(706, 1, 40, '2025-04-25', 40, 0),
(706, 1, 40, '2025-04-26', 40, 0),
(706, 1, 40, '2025-04-27', 40, 0),
(706, 1, 40, '2025-04-28', 40, 0),
(706, 1, 40, '2025-04-29', 40, 0),
(706, 1, 40, '2025-04-30', 40, 0),
(706, 1, 40, '2025-05-01', 40, 0),
(706, 1, 40, '2025-05-02', 40, 0),
(706, 1, 40, '2025-05-03', 40, 0),
(706, 1, 40, '2025-05-04', 40, 0),
(706, 1, 40, '2025-05-05', 40, 0),
(706, 1, 40, '2025-05-06', 40, 0),
(706, 1, 40, '2025-05-07', 40, 0),
(706, 1, 40, '2025-05-08', 40, 0),
(706, 1, 40, '2025-05-09', 40, 0),
(706, 1, 40, '2025-05-10', 40, 0),
(706, 1, 40, '2025-05-11', 40, 0),
(706, 1, 40, '2025-05-12', 40, 0),
(706, 1, 40, '2025-05-13', 40, 0),
(706, 2, 40, '2025-04-14', 40, 0),
(706, 2, 40, '2025-04-15', 40, 0),
(706, 2, 40, '2025-04-16', 40, 0),
(706, 2, 40, '2025-04-17', 40, 0),
(706, 2, 40, '2025-04-18', 40, 0),
(706, 2, 40, '2025-04-19', 40, 0),
(706, 2, 40, '2025-04-20', 40, 0),
(706, 2, 40, '2025-04-21', 40, 0),
(706, 2, 40, '2025-04-22', 40, 0),
(706, 2, 40, '2025-04-23', 40, 0),
(706, 2, 40, '2025-04-24', 40, 0),
(706, 2, 40, '2025-04-25', 40, 0),
(706, 2, 40, '2025-04-26', 40, 0),
(706, 2, 40, '2025-04-27', 40, 0),
(706, 2, 40, '2025-04-28', 40, 0),
(706, 2, 40, '2025-04-29', 40, 0),
(706, 2, 40, '2025-04-30', 40, 0),
(706, 2, 40, '2025-05-01', 40, 0),
(706, 2, 40, '2025-05-02', 40, 0),
(706, 2, 40, '2025-05-03', 40, 0),
(706, 2, 40, '2025-05-04', 40, 0),
(706, 2, 40, '2025-05-05', 40, 0),
(706, 2, 40, '2025-05-06', 40, 0),
(706, 2, 40, '2025-05-07', 40, 0),
(706, 2, 40, '2025-05-08', 40, 0),
(706, 2, 40, '2025-05-09', 40, 0),
(706, 2, 40, '2025-05-10', 40, 0),
(706, 2, 40, '2025-05-11', 40, 0),
(706, 2, 40, '2025-05-12', 40, 0),
(706, 2, 40, '2025-05-13', 40, 0),
(706, 3, 40, '2025-04-14', 40, 0),
(706, 3, 40, '2025-04-15', 40, 0),
(706, 3, 40, '2025-04-16', 40, 0),
(706, 3, 40, '2025-04-17', 40, 0),
(706, 3, 40, '2025-04-18', 40, 0),
(706, 3, 40, '2025-04-19', 40, 0),
(706, 3, 40, '2025-04-20', 40, 0),
(706, 3, 40, '2025-04-21', 40, 0),
(706, 3, 40, '2025-04-22', 40, 0),
(706, 3, 40, '2025-04-23', 40, 0),
(706, 3, 40, '2025-04-24', 40, 0),
(706, 3, 40, '2025-04-25', 40, 0),
(706, 3, 40, '2025-04-26', 40, 0),
(706, 3, 40, '2025-04-27', 40, 0),
(706, 3, 40, '2025-04-28', 40, 0),
(706, 3, 40, '2025-04-29', 40, 0),
(706, 3, 40, '2025-04-30', 40, 0),
(706, 3, 40, '2025-05-01', 40, 0),
(706, 3, 40, '2025-05-02', 40, 0),
(706, 3, 40, '2025-05-03', 40, 0),
(706, 3, 40, '2025-05-04', 40, 0),
(706, 3, 40, '2025-05-05', 40, 0),
(706, 3, 40, '2025-05-06', 40, 0),
(706, 3, 40, '2025-05-07', 40, 0),
(706, 3, 40, '2025-05-08', 40, 0),
(706, 3, 40, '2025-05-09', 40, 0),
(706, 3, 40, '2025-05-10', 40, 0),
(706, 3, 40, '2025-05-11', 40, 0),
(706, 3, 40, '2025-05-12', 40, 0),
(706, 3, 40, '2025-05-13', 40, 0),
(706, 4, 40, '2025-04-14', 40, 0),
(706, 4, 40, '2025-04-15', 40, 0),
(706, 4, 40, '2025-04-16', 40, 0),
(706, 4, 40, '2025-04-17', 40, 0),
(706, 4, 40, '2025-04-18', 40, 0),
(706, 4, 40, '2025-04-19', 40, 0),
(706, 4, 40, '2025-04-20', 40, 0),
(706, 4, 40, '2025-04-21', 40, 0),
(706, 4, 40, '2025-04-22', 40, 0),
(706, 4, 40, '2025-04-23', 40, 0),
(706, 4, 40, '2025-04-24', 40, 0),
(706, 4, 40, '2025-04-25', 40, 0),
(706, 4, 40, '2025-04-26', 40, 0),
(706, 4, 40, '2025-04-27', 40, 0),
(706, 4, 40, '2025-04-28', 40, 0),
(706, 4, 40, '2025-04-29', 40, 0),
(706, 4, 40, '2025-04-30', 40, 0),
(706, 4, 40, '2025-05-01', 40, 0),
(706, 4, 40, '2025-05-02', 40, 0),
(706, 4, 40, '2025-05-03', 40, 0),
(706, 4, 40, '2025-05-04', 40, 0),
(706, 4, 40, '2025-05-05', 40, 0),
(706, 4, 40, '2025-05-06', 40, 0),
(706, 4, 40, '2025-05-07', 40, 0),
(706, 4, 40, '2025-05-08', 40, 0),
(706, 4, 40, '2025-05-09', 40, 0),
(706, 4, 40, '2025-05-10', 40, 0),
(706, 4, 40, '2025-05-11', 40, 0),
(706, 4, 40, '2025-05-12', 40, 0),
(706, 4, 40, '2025-05-13', 40, 0),
(706, 5, 40, '2025-04-14', 40, 0),
(706, 5, 40, '2025-04-15', 40, 0),
(706, 5, 40, '2025-04-16', 40, 0),
(706, 5, 40, '2025-04-17', 40, 0),
(706, 5, 40, '2025-04-18', 40, 0),
(706, 5, 40, '2025-04-19', 40, 0),
(706, 5, 40, '2025-04-20', 40, 0),
(706, 5, 40, '2025-04-21', 40, 0),
(706, 5, 40, '2025-04-22', 40, 0),
(706, 5, 40, '2025-04-23', 40, 0),
(706, 5, 40, '2025-04-24', 40, 0),
(706, 5, 40, '2025-04-25', 40, 0),
(706, 5, 40, '2025-04-26', 40, 0),
(706, 5, 40, '2025-04-27', 40, 0),
(706, 5, 40, '2025-04-28', 40, 0),
(706, 5, 40, '2025-04-29', 40, 0),
(706, 5, 40, '2025-04-30', 40, 0),
(706, 5, 40, '2025-05-01', 40, 0),
(706, 5, 40, '2025-05-02', 40, 0),
(706, 5, 40, '2025-05-03', 40, 0),
(706, 5, 40, '2025-05-04', 40, 0),
(706, 5, 40, '2025-05-05', 40, 0),
(706, 5, 40, '2025-05-06', 40, 0),
(706, 5, 40, '2025-05-07', 40, 0),
(706, 5, 40, '2025-05-08', 40, 0),
(706, 5, 40, '2025-05-09', 40, 0),
(706, 5, 40, '2025-05-10', 40, 0),
(706, 5, 40, '2025-05-11', 40, 0),
(706, 5, 40, '2025-05-12', 40, 0),
(706, 5, 40, '2025-05-13', 40, 0),
(706, 6, 40, '2025-04-14', 40, 0),
(706, 6, 40, '2025-04-15', 40, 0),
(706, 6, 40, '2025-04-16', 40, 0),
(706, 6, 40, '2025-04-17', 40, 0),
(706, 6, 40, '2025-04-18', 40, 0),
(706, 6, 40, '2025-04-19', 40, 0),
(706, 6, 40, '2025-04-20', 40, 0),
(706, 6, 40, '2025-04-21', 40, 0),
(706, 6, 40, '2025-04-22', 40, 0),
(706, 6, 40, '2025-04-23', 40, 0);
INSERT INTO `seat_availability` (`train_code`, `carriage_id`, `available_seat`, `journey_date`, `total_seats`, `reserved_seats`) VALUES
(706, 6, 40, '2025-04-24', 40, 0),
(706, 6, 40, '2025-04-25', 40, 0),
(706, 6, 40, '2025-04-26', 40, 0),
(706, 6, 40, '2025-04-27', 40, 0),
(706, 6, 40, '2025-04-28', 40, 0),
(706, 6, 40, '2025-04-29', 40, 0),
(706, 6, 40, '2025-04-30', 40, 0),
(706, 6, 40, '2025-05-01', 40, 0),
(706, 6, 40, '2025-05-02', 40, 0),
(706, 6, 40, '2025-05-03', 40, 0),
(706, 6, 40, '2025-05-04', 40, 0),
(706, 6, 40, '2025-05-05', 40, 0),
(706, 6, 40, '2025-05-06', 40, 0),
(706, 6, 40, '2025-05-07', 40, 0),
(706, 6, 40, '2025-05-08', 40, 0),
(706, 6, 40, '2025-05-09', 40, 0),
(706, 6, 40, '2025-05-10', 40, 0),
(706, 6, 40, '2025-05-11', 40, 0),
(706, 6, 40, '2025-05-12', 40, 0),
(706, 6, 40, '2025-05-13', 40, 0),
(706, 7, 40, '2025-04-14', 40, 0),
(706, 7, 40, '2025-04-15', 40, 0),
(706, 7, 40, '2025-04-16', 40, 0),
(706, 7, 40, '2025-04-17', 40, 0),
(706, 7, 40, '2025-04-18', 40, 0),
(706, 7, 40, '2025-04-19', 40, 0),
(706, 7, 40, '2025-04-20', 40, 0),
(706, 7, 40, '2025-04-21', 40, 0),
(706, 7, 40, '2025-04-22', 40, 0),
(706, 7, 40, '2025-04-23', 40, 0),
(706, 7, 40, '2025-04-24', 40, 0),
(706, 7, 40, '2025-04-25', 40, 0),
(706, 7, 40, '2025-04-26', 40, 0),
(706, 7, 40, '2025-04-27', 40, 0),
(706, 7, 40, '2025-04-28', 40, 0),
(706, 7, 40, '2025-04-29', 40, 0),
(706, 7, 40, '2025-04-30', 40, 0),
(706, 7, 40, '2025-05-01', 40, 0),
(706, 7, 40, '2025-05-02', 40, 0),
(706, 7, 40, '2025-05-03', 40, 0),
(706, 7, 40, '2025-05-04', 40, 0),
(706, 7, 40, '2025-05-05', 40, 0),
(706, 7, 40, '2025-05-06', 40, 0),
(706, 7, 40, '2025-05-07', 40, 0),
(706, 7, 40, '2025-05-08', 40, 0),
(706, 7, 40, '2025-05-09', 40, 0),
(706, 7, 40, '2025-05-10', 40, 0),
(706, 7, 40, '2025-05-11', 40, 0),
(706, 7, 40, '2025-05-12', 40, 0),
(706, 7, 40, '2025-05-13', 40, 0),
(706, 8, 40, '2025-04-14', 40, 0),
(706, 8, 40, '2025-04-15', 40, 0),
(706, 8, 40, '2025-04-16', 40, 0),
(706, 8, 40, '2025-04-17', 40, 0),
(706, 8, 40, '2025-04-18', 40, 0),
(706, 8, 40, '2025-04-19', 40, 0),
(706, 8, 40, '2025-04-20', 40, 0),
(706, 8, 40, '2025-04-21', 40, 0),
(706, 8, 40, '2025-04-22', 40, 0),
(706, 8, 40, '2025-04-23', 40, 0),
(706, 8, 40, '2025-04-24', 40, 0),
(706, 8, 40, '2025-04-25', 40, 0),
(706, 8, 40, '2025-04-26', 40, 0),
(706, 8, 40, '2025-04-27', 40, 0),
(706, 8, 40, '2025-04-28', 40, 0),
(706, 8, 40, '2025-04-29', 40, 0),
(706, 8, 40, '2025-04-30', 40, 0),
(706, 8, 40, '2025-05-01', 40, 0),
(706, 8, 40, '2025-05-02', 40, 0),
(706, 8, 40, '2025-05-03', 40, 0),
(706, 8, 40, '2025-05-04', 40, 0),
(706, 8, 40, '2025-05-05', 40, 0),
(706, 8, 40, '2025-05-06', 40, 0),
(706, 8, 40, '2025-05-07', 40, 0),
(706, 8, 40, '2025-05-08', 40, 0),
(706, 8, 40, '2025-05-09', 40, 0),
(706, 8, 40, '2025-05-10', 40, 0),
(706, 8, 40, '2025-05-11', 40, 0),
(706, 8, 40, '2025-05-12', 40, 0),
(706, 8, 40, '2025-05-13', 40, 0),
(706, 9, 40, '2025-04-14', 40, 0),
(706, 9, 40, '2025-04-15', 40, 0),
(706, 9, 40, '2025-04-16', 40, 0),
(706, 9, 40, '2025-04-17', 40, 0),
(706, 9, 40, '2025-04-18', 40, 0),
(706, 9, 40, '2025-04-19', 40, 0),
(706, 9, 40, '2025-04-20', 40, 0),
(706, 9, 40, '2025-04-21', 40, 0),
(706, 9, 40, '2025-04-22', 40, 0),
(706, 9, 40, '2025-04-23', 40, 0),
(706, 9, 40, '2025-04-24', 40, 0),
(706, 9, 40, '2025-04-25', 40, 0),
(706, 9, 40, '2025-04-26', 40, 0),
(706, 9, 40, '2025-04-27', 40, 0),
(706, 9, 40, '2025-04-28', 40, 0),
(706, 9, 40, '2025-04-29', 40, 0),
(706, 9, 40, '2025-04-30', 40, 0),
(706, 9, 40, '2025-05-01', 40, 0),
(706, 9, 40, '2025-05-02', 40, 0),
(706, 9, 40, '2025-05-03', 40, 0),
(706, 9, 40, '2025-05-04', 40, 0),
(706, 9, 40, '2025-05-05', 40, 0),
(706, 9, 40, '2025-05-06', 40, 0),
(706, 9, 40, '2025-05-07', 40, 0),
(706, 9, 40, '2025-05-08', 40, 0),
(706, 9, 40, '2025-05-09', 40, 0),
(706, 9, 40, '2025-05-10', 40, 0),
(706, 9, 40, '2025-05-11', 40, 0),
(706, 9, 40, '2025-05-12', 40, 0),
(706, 9, 40, '2025-05-13', 40, 0),
(707, 1, 40, '2025-04-14', 40, 0),
(707, 1, 40, '2025-04-15', 40, 0),
(707, 1, 40, '2025-04-16', 40, 0),
(707, 1, 40, '2025-04-17', 40, 0),
(707, 1, 40, '2025-04-18', 40, 0),
(707, 1, 40, '2025-04-19', 40, 0),
(707, 1, 40, '2025-04-20', 40, 0),
(707, 1, 40, '2025-04-21', 40, 0),
(707, 1, 40, '2025-04-22', 40, 0),
(707, 1, 40, '2025-04-23', 40, 0),
(707, 1, 40, '2025-04-24', 40, 0),
(707, 1, 40, '2025-04-25', 40, 0),
(707, 1, 40, '2025-04-26', 40, 0),
(707, 1, 40, '2025-04-27', 40, 0),
(707, 1, 40, '2025-04-28', 40, 0),
(707, 1, 40, '2025-04-29', 40, 0),
(707, 1, 40, '2025-04-30', 40, 0),
(707, 1, 40, '2025-05-01', 40, 0),
(707, 1, 40, '2025-05-02', 40, 0),
(707, 1, 40, '2025-05-03', 40, 0),
(707, 1, 40, '2025-05-04', 40, 0),
(707, 1, 40, '2025-05-05', 40, 0),
(707, 1, 40, '2025-05-06', 40, 0),
(707, 1, 40, '2025-05-07', 40, 0),
(707, 1, 40, '2025-05-08', 40, 0),
(707, 1, 40, '2025-05-09', 40, 0),
(707, 1, 40, '2025-05-10', 40, 0),
(707, 1, 40, '2025-05-11', 40, 0),
(707, 1, 40, '2025-05-12', 40, 0),
(707, 1, 40, '2025-05-13', 40, 0),
(707, 2, 40, '2025-04-14', 40, 0),
(707, 2, 40, '2025-04-15', 40, 0),
(707, 2, 40, '2025-04-16', 40, 0),
(707, 2, 40, '2025-04-17', 40, 0),
(707, 2, 40, '2025-04-18', 40, 0),
(707, 2, 40, '2025-04-19', 40, 0),
(707, 2, 40, '2025-04-20', 40, 0),
(707, 2, 40, '2025-04-21', 40, 0),
(707, 2, 40, '2025-04-22', 40, 0),
(707, 2, 40, '2025-04-23', 40, 0),
(707, 2, 40, '2025-04-24', 40, 0),
(707, 2, 40, '2025-04-25', 40, 0),
(707, 2, 40, '2025-04-26', 40, 0),
(707, 2, 40, '2025-04-27', 40, 0),
(707, 2, 40, '2025-04-28', 40, 0),
(707, 2, 40, '2025-04-29', 40, 0),
(707, 2, 40, '2025-04-30', 40, 0),
(707, 2, 40, '2025-05-01', 40, 0),
(707, 2, 40, '2025-05-02', 40, 0),
(707, 2, 40, '2025-05-03', 40, 0),
(707, 2, 40, '2025-05-04', 40, 0),
(707, 2, 40, '2025-05-05', 40, 0),
(707, 2, 40, '2025-05-06', 40, 0),
(707, 2, 40, '2025-05-07', 40, 0),
(707, 2, 40, '2025-05-08', 40, 0),
(707, 2, 40, '2025-05-09', 40, 0),
(707, 2, 40, '2025-05-10', 40, 0),
(707, 2, 40, '2025-05-11', 40, 0),
(707, 2, 40, '2025-05-12', 40, 0),
(707, 2, 40, '2025-05-13', 40, 0),
(707, 3, 40, '2025-04-14', 40, 0),
(707, 3, 40, '2025-04-15', 40, 0),
(707, 3, 40, '2025-04-16', 40, 0),
(707, 3, 40, '2025-04-17', 40, 0),
(707, 3, 40, '2025-04-18', 40, 0),
(707, 3, 40, '2025-04-19', 40, 0),
(707, 3, 40, '2025-04-20', 40, 0),
(707, 3, 40, '2025-04-21', 40, 0),
(707, 3, 40, '2025-04-22', 40, 0),
(707, 3, 40, '2025-04-23', 40, 0),
(707, 3, 40, '2025-04-24', 40, 0),
(707, 3, 40, '2025-04-25', 40, 0),
(707, 3, 40, '2025-04-26', 40, 0),
(707, 3, 40, '2025-04-27', 40, 0),
(707, 3, 40, '2025-04-28', 40, 0),
(707, 3, 40, '2025-04-29', 40, 0),
(707, 3, 40, '2025-04-30', 40, 0),
(707, 3, 40, '2025-05-01', 40, 0),
(707, 3, 40, '2025-05-02', 40, 0),
(707, 3, 40, '2025-05-03', 40, 0),
(707, 3, 40, '2025-05-04', 40, 0),
(707, 3, 40, '2025-05-05', 40, 0),
(707, 3, 40, '2025-05-06', 40, 0),
(707, 3, 40, '2025-05-07', 40, 0),
(707, 3, 40, '2025-05-08', 40, 0),
(707, 3, 40, '2025-05-09', 40, 0),
(707, 3, 40, '2025-05-10', 40, 0),
(707, 3, 40, '2025-05-11', 40, 0),
(707, 3, 40, '2025-05-12', 40, 0),
(707, 3, 40, '2025-05-13', 40, 0),
(707, 4, 40, '2025-04-14', 40, 0),
(707, 4, 40, '2025-04-15', 40, 0),
(707, 4, 40, '2025-04-16', 40, 0),
(707, 4, 40, '2025-04-17', 40, 0),
(707, 4, 40, '2025-04-18', 40, 0),
(707, 4, 40, '2025-04-19', 40, 0),
(707, 4, 40, '2025-04-20', 40, 0),
(707, 4, 40, '2025-04-21', 40, 0),
(707, 4, 40, '2025-04-22', 40, 0),
(707, 4, 40, '2025-04-23', 40, 0),
(707, 4, 40, '2025-04-24', 40, 0),
(707, 4, 40, '2025-04-25', 40, 0),
(707, 4, 40, '2025-04-26', 40, 0),
(707, 4, 40, '2025-04-27', 40, 0),
(707, 4, 40, '2025-04-28', 40, 0),
(707, 4, 40, '2025-04-29', 40, 0),
(707, 4, 40, '2025-04-30', 40, 0),
(707, 4, 40, '2025-05-01', 40, 0),
(707, 4, 40, '2025-05-02', 40, 0),
(707, 4, 40, '2025-05-03', 40, 0),
(707, 4, 40, '2025-05-04', 40, 0),
(707, 4, 40, '2025-05-05', 40, 0),
(707, 4, 40, '2025-05-06', 40, 0),
(707, 4, 40, '2025-05-07', 40, 0),
(707, 4, 40, '2025-05-08', 40, 0),
(707, 4, 40, '2025-05-09', 40, 0),
(707, 4, 40, '2025-05-10', 40, 0),
(707, 4, 40, '2025-05-11', 40, 0),
(707, 4, 40, '2025-05-12', 40, 0),
(707, 4, 40, '2025-05-13', 40, 0),
(707, 5, 40, '2025-04-14', 40, 0),
(707, 5, 40, '2025-04-15', 40, 0),
(707, 5, 40, '2025-04-16', 40, 0),
(707, 5, 40, '2025-04-17', 40, 0),
(707, 5, 40, '2025-04-18', 40, 0),
(707, 5, 40, '2025-04-19', 40, 0),
(707, 5, 40, '2025-04-20', 40, 0),
(707, 5, 40, '2025-04-21', 40, 0),
(707, 5, 40, '2025-04-22', 40, 0),
(707, 5, 40, '2025-04-23', 40, 0),
(707, 5, 40, '2025-04-24', 40, 0),
(707, 5, 40, '2025-04-25', 40, 0),
(707, 5, 40, '2025-04-26', 40, 0),
(707, 5, 40, '2025-04-27', 40, 0),
(707, 5, 40, '2025-04-28', 40, 0),
(707, 5, 40, '2025-04-29', 40, 0),
(707, 5, 40, '2025-04-30', 40, 0),
(707, 5, 40, '2025-05-01', 40, 0),
(707, 5, 40, '2025-05-02', 40, 0),
(707, 5, 40, '2025-05-03', 40, 0),
(707, 5, 40, '2025-05-04', 40, 0),
(707, 5, 40, '2025-05-05', 40, 0),
(707, 5, 40, '2025-05-06', 40, 0),
(707, 5, 40, '2025-05-07', 40, 0),
(707, 5, 40, '2025-05-08', 40, 0),
(707, 5, 40, '2025-05-09', 40, 0),
(707, 5, 40, '2025-05-10', 40, 0),
(707, 5, 40, '2025-05-11', 40, 0),
(707, 5, 40, '2025-05-12', 40, 0),
(707, 5, 40, '2025-05-13', 40, 0),
(707, 6, 40, '2025-04-14', 40, 0),
(707, 6, 40, '2025-04-15', 40, 0),
(707, 6, 40, '2025-04-16', 40, 0),
(707, 6, 40, '2025-04-17', 40, 0),
(707, 6, 40, '2025-04-18', 40, 0),
(707, 6, 40, '2025-04-19', 40, 0),
(707, 6, 40, '2025-04-20', 40, 0),
(707, 6, 40, '2025-04-21', 40, 0),
(707, 6, 40, '2025-04-22', 40, 0),
(707, 6, 40, '2025-04-23', 40, 0),
(707, 6, 40, '2025-04-24', 40, 0),
(707, 6, 40, '2025-04-25', 40, 0),
(707, 6, 40, '2025-04-26', 40, 0),
(707, 6, 40, '2025-04-27', 40, 0),
(707, 6, 40, '2025-04-28', 40, 0),
(707, 6, 40, '2025-04-29', 40, 0),
(707, 6, 40, '2025-04-30', 40, 0),
(707, 6, 40, '2025-05-01', 40, 0),
(707, 6, 40, '2025-05-02', 40, 0),
(707, 6, 40, '2025-05-03', 40, 0),
(707, 6, 40, '2025-05-04', 40, 0),
(707, 6, 40, '2025-05-05', 40, 0),
(707, 6, 40, '2025-05-06', 40, 0),
(707, 6, 40, '2025-05-07', 40, 0),
(707, 6, 40, '2025-05-08', 40, 0),
(707, 6, 40, '2025-05-09', 40, 0),
(707, 6, 40, '2025-05-10', 40, 0),
(707, 6, 40, '2025-05-11', 40, 0),
(707, 6, 40, '2025-05-12', 40, 0),
(707, 6, 40, '2025-05-13', 40, 0),
(707, 7, 40, '2025-04-14', 40, 0),
(707, 7, 40, '2025-04-15', 40, 0),
(707, 7, 40, '2025-04-16', 40, 0),
(707, 7, 40, '2025-04-17', 40, 0),
(707, 7, 40, '2025-04-18', 40, 0),
(707, 7, 40, '2025-04-19', 40, 0),
(707, 7, 40, '2025-04-20', 40, 0),
(707, 7, 40, '2025-04-21', 40, 0),
(707, 7, 40, '2025-04-22', 40, 0),
(707, 7, 40, '2025-04-23', 40, 0),
(707, 7, 40, '2025-04-24', 40, 0),
(707, 7, 40, '2025-04-25', 40, 0),
(707, 7, 40, '2025-04-26', 40, 0),
(707, 7, 40, '2025-04-27', 40, 0),
(707, 7, 40, '2025-04-28', 40, 0),
(707, 7, 40, '2025-04-29', 40, 0),
(707, 7, 40, '2025-04-30', 40, 0),
(707, 7, 40, '2025-05-01', 40, 0),
(707, 7, 40, '2025-05-02', 40, 0),
(707, 7, 40, '2025-05-03', 40, 0),
(707, 7, 40, '2025-05-04', 40, 0),
(707, 7, 40, '2025-05-05', 40, 0),
(707, 7, 40, '2025-05-06', 40, 0),
(707, 7, 40, '2025-05-07', 40, 0),
(707, 7, 40, '2025-05-08', 40, 0),
(707, 7, 40, '2025-05-09', 40, 0),
(707, 7, 40, '2025-05-10', 40, 0),
(707, 7, 40, '2025-05-11', 40, 0),
(707, 7, 40, '2025-05-12', 40, 0),
(707, 7, 40, '2025-05-13', 40, 0),
(707, 8, 40, '2025-04-14', 40, 0),
(707, 8, 40, '2025-04-15', 40, 0),
(707, 8, 40, '2025-04-16', 40, 0),
(707, 8, 40, '2025-04-17', 40, 0),
(707, 8, 40, '2025-04-18', 40, 0),
(707, 8, 40, '2025-04-19', 40, 0),
(707, 8, 40, '2025-04-20', 40, 0),
(707, 8, 40, '2025-04-21', 40, 0),
(707, 8, 40, '2025-04-22', 40, 0),
(707, 8, 40, '2025-04-23', 40, 0),
(707, 8, 40, '2025-04-24', 40, 0),
(707, 8, 40, '2025-04-25', 40, 0),
(707, 8, 40, '2025-04-26', 40, 0),
(707, 8, 40, '2025-04-27', 40, 0),
(707, 8, 40, '2025-04-28', 40, 0),
(707, 8, 40, '2025-04-29', 40, 0),
(707, 8, 40, '2025-04-30', 40, 0),
(707, 8, 40, '2025-05-01', 40, 0),
(707, 8, 40, '2025-05-02', 40, 0),
(707, 8, 40, '2025-05-03', 40, 0),
(707, 8, 40, '2025-05-04', 40, 0),
(707, 8, 40, '2025-05-05', 40, 0),
(707, 8, 40, '2025-05-06', 40, 0),
(707, 8, 40, '2025-05-07', 40, 0),
(707, 8, 40, '2025-05-08', 40, 0),
(707, 8, 40, '2025-05-09', 40, 0),
(707, 8, 40, '2025-05-10', 40, 0),
(707, 8, 40, '2025-05-11', 40, 0),
(707, 8, 40, '2025-05-12', 40, 0),
(707, 8, 40, '2025-05-13', 40, 0),
(707, 9, 40, '2025-04-14', 40, 0),
(707, 9, 40, '2025-04-15', 40, 0),
(707, 9, 40, '2025-04-16', 40, 0),
(707, 9, 40, '2025-04-17', 40, 0),
(707, 9, 40, '2025-04-18', 40, 0),
(707, 9, 40, '2025-04-19', 40, 0),
(707, 9, 40, '2025-04-20', 40, 0),
(707, 9, 40, '2025-04-21', 40, 0),
(707, 9, 40, '2025-04-22', 40, 0),
(707, 9, 40, '2025-04-23', 40, 0),
(707, 9, 40, '2025-04-24', 40, 0),
(707, 9, 40, '2025-04-25', 40, 0),
(707, 9, 40, '2025-04-26', 40, 0),
(707, 9, 40, '2025-04-27', 40, 0),
(707, 9, 40, '2025-04-28', 40, 0),
(707, 9, 40, '2025-04-29', 40, 0),
(707, 9, 40, '2025-04-30', 40, 0),
(707, 9, 40, '2025-05-01', 40, 0),
(707, 9, 40, '2025-05-02', 40, 0),
(707, 9, 40, '2025-05-03', 40, 0),
(707, 9, 40, '2025-05-04', 40, 0),
(707, 9, 40, '2025-05-05', 40, 0),
(707, 9, 40, '2025-05-06', 40, 0),
(707, 9, 40, '2025-05-07', 40, 0),
(707, 9, 40, '2025-05-08', 40, 0),
(707, 9, 40, '2025-05-09', 40, 0),
(707, 9, 40, '2025-05-10', 40, 0),
(707, 9, 40, '2025-05-11', 40, 0),
(707, 9, 40, '2025-05-12', 40, 0),
(707, 9, 40, '2025-05-13', 40, 0),
(708, 1, 40, '2025-04-14', 40, 0),
(708, 1, 40, '2025-04-15', 40, 0),
(708, 1, 40, '2025-04-16', 40, 0),
(708, 1, 40, '2025-04-17', 40, 0),
(708, 1, 40, '2025-04-18', 40, 0),
(708, 1, 40, '2025-04-19', 40, 0),
(708, 1, 40, '2025-04-20', 40, 0),
(708, 1, 40, '2025-04-21', 40, 0),
(708, 1, 40, '2025-04-22', 40, 0),
(708, 1, 40, '2025-04-23', 40, 0),
(708, 1, 40, '2025-04-24', 40, 0),
(708, 1, 40, '2025-04-25', 40, 0),
(708, 1, 40, '2025-04-26', 40, 0),
(708, 1, 40, '2025-04-27', 40, 0),
(708, 1, 40, '2025-04-28', 40, 0),
(708, 1, 40, '2025-04-29', 40, 0),
(708, 1, 40, '2025-04-30', 40, 0),
(708, 1, 40, '2025-05-01', 40, 0),
(708, 1, 40, '2025-05-02', 40, 0),
(708, 1, 40, '2025-05-03', 40, 0),
(708, 1, 40, '2025-05-04', 40, 0),
(708, 1, 40, '2025-05-05', 40, 0),
(708, 1, 40, '2025-05-06', 40, 0),
(708, 1, 40, '2025-05-07', 40, 0),
(708, 1, 40, '2025-05-08', 40, 0),
(708, 1, 40, '2025-05-09', 40, 0),
(708, 1, 40, '2025-05-10', 40, 0),
(708, 1, 40, '2025-05-11', 40, 0),
(708, 1, 40, '2025-05-12', 40, 0),
(708, 1, 40, '2025-05-13', 40, 0),
(708, 2, 40, '2025-04-14', 40, 0),
(708, 2, 40, '2025-04-15', 40, 0),
(708, 2, 40, '2025-04-16', 40, 0),
(708, 2, 40, '2025-04-17', 40, 0),
(708, 2, 40, '2025-04-18', 40, 0),
(708, 2, 40, '2025-04-19', 40, 0),
(708, 2, 40, '2025-04-20', 40, 0),
(708, 2, 40, '2025-04-21', 40, 0),
(708, 2, 40, '2025-04-22', 40, 0),
(708, 2, 40, '2025-04-23', 40, 0),
(708, 2, 40, '2025-04-24', 40, 0),
(708, 2, 40, '2025-04-25', 40, 0),
(708, 2, 40, '2025-04-26', 40, 0),
(708, 2, 40, '2025-04-27', 40, 0),
(708, 2, 40, '2025-04-28', 40, 0),
(708, 2, 40, '2025-04-29', 40, 0),
(708, 2, 40, '2025-04-30', 40, 0),
(708, 2, 40, '2025-05-01', 40, 0),
(708, 2, 40, '2025-05-02', 40, 0),
(708, 2, 40, '2025-05-03', 40, 0),
(708, 2, 40, '2025-05-04', 40, 0),
(708, 2, 40, '2025-05-05', 40, 0),
(708, 2, 40, '2025-05-06', 40, 0),
(708, 2, 40, '2025-05-07', 40, 0),
(708, 2, 40, '2025-05-08', 40, 0),
(708, 2, 40, '2025-05-09', 40, 0),
(708, 2, 40, '2025-05-10', 40, 0),
(708, 2, 40, '2025-05-11', 40, 0),
(708, 2, 40, '2025-05-12', 40, 0),
(708, 2, 40, '2025-05-13', 40, 0),
(708, 3, 40, '2025-04-14', 40, 0),
(708, 3, 40, '2025-04-15', 40, 0),
(708, 3, 40, '2025-04-16', 40, 0),
(708, 3, 40, '2025-04-17', 40, 0),
(708, 3, 40, '2025-04-18', 40, 0),
(708, 3, 40, '2025-04-19', 40, 0),
(708, 3, 40, '2025-04-20', 40, 0),
(708, 3, 40, '2025-04-21', 40, 0),
(708, 3, 40, '2025-04-22', 40, 0),
(708, 3, 40, '2025-04-23', 40, 0),
(708, 3, 40, '2025-04-24', 40, 0),
(708, 3, 40, '2025-04-25', 40, 0),
(708, 3, 40, '2025-04-26', 40, 0),
(708, 3, 40, '2025-04-27', 40, 0),
(708, 3, 40, '2025-04-28', 40, 0),
(708, 3, 40, '2025-04-29', 40, 0),
(708, 3, 40, '2025-04-30', 40, 0),
(708, 3, 40, '2025-05-01', 40, 0),
(708, 3, 40, '2025-05-02', 40, 0),
(708, 3, 40, '2025-05-03', 40, 0),
(708, 3, 40, '2025-05-04', 40, 0),
(708, 3, 40, '2025-05-05', 40, 0),
(708, 3, 40, '2025-05-06', 40, 0),
(708, 3, 40, '2025-05-07', 40, 0),
(708, 3, 40, '2025-05-08', 40, 0),
(708, 3, 40, '2025-05-09', 40, 0),
(708, 3, 40, '2025-05-10', 40, 0),
(708, 3, 40, '2025-05-11', 40, 0),
(708, 3, 40, '2025-05-12', 40, 0),
(708, 3, 40, '2025-05-13', 40, 0),
(708, 4, 40, '2025-04-14', 40, 0),
(708, 4, 40, '2025-04-15', 40, 0),
(708, 4, 40, '2025-04-16', 40, 0),
(708, 4, 40, '2025-04-17', 40, 0),
(708, 4, 40, '2025-04-18', 40, 0),
(708, 4, 40, '2025-04-19', 40, 0),
(708, 4, 40, '2025-04-20', 40, 0),
(708, 4, 40, '2025-04-21', 40, 0),
(708, 4, 40, '2025-04-22', 40, 0),
(708, 4, 40, '2025-04-23', 40, 0),
(708, 4, 40, '2025-04-24', 40, 0),
(708, 4, 40, '2025-04-25', 40, 0),
(708, 4, 40, '2025-04-26', 40, 0),
(708, 4, 40, '2025-04-27', 40, 0),
(708, 4, 40, '2025-04-28', 40, 0),
(708, 4, 40, '2025-04-29', 40, 0),
(708, 4, 40, '2025-04-30', 40, 0),
(708, 4, 40, '2025-05-01', 40, 0),
(708, 4, 40, '2025-05-02', 40, 0),
(708, 4, 40, '2025-05-03', 40, 0),
(708, 4, 40, '2025-05-04', 40, 0),
(708, 4, 40, '2025-05-05', 40, 0),
(708, 4, 40, '2025-05-06', 40, 0),
(708, 4, 40, '2025-05-07', 40, 0),
(708, 4, 40, '2025-05-08', 40, 0),
(708, 4, 40, '2025-05-09', 40, 0),
(708, 4, 40, '2025-05-10', 40, 0),
(708, 4, 40, '2025-05-11', 40, 0),
(708, 4, 40, '2025-05-12', 40, 0),
(708, 4, 40, '2025-05-13', 40, 0),
(708, 5, 40, '2025-04-14', 40, 0),
(708, 5, 40, '2025-04-15', 40, 0),
(708, 5, 40, '2025-04-16', 40, 0),
(708, 5, 40, '2025-04-17', 40, 0),
(708, 5, 40, '2025-04-18', 40, 0),
(708, 5, 40, '2025-04-19', 40, 0),
(708, 5, 40, '2025-04-20', 40, 0),
(708, 5, 40, '2025-04-21', 40, 0),
(708, 5, 40, '2025-04-22', 40, 0),
(708, 5, 40, '2025-04-23', 40, 0),
(708, 5, 40, '2025-04-24', 40, 0),
(708, 5, 40, '2025-04-25', 40, 0),
(708, 5, 40, '2025-04-26', 40, 0),
(708, 5, 40, '2025-04-27', 40, 0),
(708, 5, 40, '2025-04-28', 40, 0),
(708, 5, 40, '2025-04-29', 40, 0),
(708, 5, 40, '2025-04-30', 40, 0),
(708, 5, 40, '2025-05-01', 40, 0),
(708, 5, 40, '2025-05-02', 40, 0),
(708, 5, 40, '2025-05-03', 40, 0),
(708, 5, 40, '2025-05-04', 40, 0),
(708, 5, 40, '2025-05-05', 40, 0),
(708, 5, 40, '2025-05-06', 40, 0),
(708, 5, 40, '2025-05-07', 40, 0),
(708, 5, 40, '2025-05-08', 40, 0),
(708, 5, 40, '2025-05-09', 40, 0),
(708, 5, 40, '2025-05-10', 40, 0),
(708, 5, 40, '2025-05-11', 40, 0),
(708, 5, 40, '2025-05-12', 40, 0),
(708, 5, 40, '2025-05-13', 40, 0),
(708, 6, 40, '2025-04-14', 40, 0),
(708, 6, 40, '2025-04-15', 40, 0),
(708, 6, 40, '2025-04-16', 40, 0),
(708, 6, 40, '2025-04-17', 40, 0),
(708, 6, 40, '2025-04-18', 40, 0),
(708, 6, 40, '2025-04-19', 40, 0),
(708, 6, 40, '2025-04-20', 40, 0),
(708, 6, 40, '2025-04-21', 40, 0),
(708, 6, 40, '2025-04-22', 40, 0),
(708, 6, 40, '2025-04-23', 40, 0),
(708, 6, 40, '2025-04-24', 40, 0),
(708, 6, 40, '2025-04-25', 40, 0),
(708, 6, 40, '2025-04-26', 40, 0),
(708, 6, 40, '2025-04-27', 40, 0),
(708, 6, 40, '2025-04-28', 40, 0),
(708, 6, 40, '2025-04-29', 40, 0),
(708, 6, 40, '2025-04-30', 40, 0),
(708, 6, 40, '2025-05-01', 40, 0),
(708, 6, 40, '2025-05-02', 40, 0),
(708, 6, 40, '2025-05-03', 40, 0),
(708, 6, 40, '2025-05-04', 40, 0),
(708, 6, 40, '2025-05-05', 40, 0),
(708, 6, 40, '2025-05-06', 40, 0),
(708, 6, 40, '2025-05-07', 40, 0),
(708, 6, 40, '2025-05-08', 40, 0),
(708, 6, 40, '2025-05-09', 40, 0),
(708, 6, 40, '2025-05-10', 40, 0),
(708, 6, 40, '2025-05-11', 40, 0),
(708, 6, 40, '2025-05-12', 40, 0),
(708, 6, 40, '2025-05-13', 40, 0),
(708, 7, 40, '2025-04-14', 40, 0),
(708, 7, 40, '2025-04-15', 40, 0),
(708, 7, 40, '2025-04-16', 40, 0),
(708, 7, 40, '2025-04-17', 40, 0),
(708, 7, 40, '2025-04-18', 40, 0),
(708, 7, 40, '2025-04-19', 40, 0),
(708, 7, 40, '2025-04-20', 40, 0),
(708, 7, 40, '2025-04-21', 40, 0),
(708, 7, 40, '2025-04-22', 40, 0),
(708, 7, 40, '2025-04-23', 40, 0),
(708, 7, 40, '2025-04-24', 40, 0),
(708, 7, 40, '2025-04-25', 40, 0),
(708, 7, 40, '2025-04-26', 40, 0),
(708, 7, 40, '2025-04-27', 40, 0),
(708, 7, 40, '2025-04-28', 40, 0),
(708, 7, 40, '2025-04-29', 40, 0),
(708, 7, 40, '2025-04-30', 40, 0),
(708, 7, 40, '2025-05-01', 40, 0),
(708, 7, 40, '2025-05-02', 40, 0),
(708, 7, 40, '2025-05-03', 40, 0),
(708, 7, 40, '2025-05-04', 40, 0),
(708, 7, 40, '2025-05-05', 40, 0),
(708, 7, 40, '2025-05-06', 40, 0),
(708, 7, 40, '2025-05-07', 40, 0),
(708, 7, 40, '2025-05-08', 40, 0),
(708, 7, 40, '2025-05-09', 40, 0),
(708, 7, 40, '2025-05-10', 40, 0),
(708, 7, 40, '2025-05-11', 40, 0),
(708, 7, 40, '2025-05-12', 40, 0),
(708, 7, 40, '2025-05-13', 40, 0),
(708, 8, 40, '2025-04-14', 40, 0),
(708, 8, 40, '2025-04-15', 40, 0),
(708, 8, 40, '2025-04-16', 40, 0),
(708, 8, 40, '2025-04-17', 40, 0),
(708, 8, 40, '2025-04-18', 40, 0),
(708, 8, 40, '2025-04-19', 40, 0),
(708, 8, 40, '2025-04-20', 40, 0),
(708, 8, 40, '2025-04-21', 40, 0),
(708, 8, 40, '2025-04-22', 40, 0),
(708, 8, 40, '2025-04-23', 40, 0),
(708, 8, 40, '2025-04-24', 40, 0),
(708, 8, 40, '2025-04-25', 40, 0),
(708, 8, 40, '2025-04-26', 40, 0),
(708, 8, 40, '2025-04-27', 40, 0),
(708, 8, 40, '2025-04-28', 40, 0),
(708, 8, 40, '2025-04-29', 40, 0),
(708, 8, 40, '2025-04-30', 40, 0),
(708, 8, 40, '2025-05-01', 40, 0),
(708, 8, 40, '2025-05-02', 40, 0),
(708, 8, 40, '2025-05-03', 40, 0),
(708, 8, 40, '2025-05-04', 40, 0),
(708, 8, 40, '2025-05-05', 40, 0),
(708, 8, 40, '2025-05-06', 40, 0),
(708, 8, 40, '2025-05-07', 40, 0),
(708, 8, 40, '2025-05-08', 40, 0),
(708, 8, 40, '2025-05-09', 40, 0),
(708, 8, 40, '2025-05-10', 40, 0),
(708, 8, 40, '2025-05-11', 40, 0),
(708, 8, 40, '2025-05-12', 40, 0),
(708, 8, 40, '2025-05-13', 40, 0),
(708, 9, 40, '2025-04-14', 40, 0),
(708, 9, 40, '2025-04-15', 40, 0),
(708, 9, 40, '2025-04-16', 40, 0),
(708, 9, 40, '2025-04-17', 40, 0),
(708, 9, 40, '2025-04-18', 40, 0),
(708, 9, 40, '2025-04-19', 40, 0),
(708, 9, 40, '2025-04-20', 40, 0),
(708, 9, 40, '2025-04-21', 40, 0),
(708, 9, 40, '2025-04-22', 40, 0),
(708, 9, 40, '2025-04-23', 40, 0),
(708, 9, 40, '2025-04-24', 40, 0),
(708, 9, 40, '2025-04-25', 40, 0),
(708, 9, 40, '2025-04-26', 40, 0),
(708, 9, 40, '2025-04-27', 40, 0),
(708, 9, 40, '2025-04-28', 40, 0),
(708, 9, 40, '2025-04-29', 40, 0),
(708, 9, 40, '2025-04-30', 40, 0),
(708, 9, 40, '2025-05-01', 40, 0),
(708, 9, 40, '2025-05-02', 40, 0),
(708, 9, 40, '2025-05-03', 40, 0),
(708, 9, 40, '2025-05-04', 40, 0),
(708, 9, 40, '2025-05-05', 40, 0),
(708, 9, 40, '2025-05-06', 40, 0),
(708, 9, 40, '2025-05-07', 40, 0),
(708, 9, 40, '2025-05-08', 40, 0),
(708, 9, 40, '2025-05-09', 40, 0),
(708, 9, 40, '2025-05-10', 40, 0),
(708, 9, 40, '2025-05-11', 40, 0),
(708, 9, 40, '2025-05-12', 40, 0),
(708, 9, 40, '2025-05-13', 40, 0),
(709, 1, 40, '2025-04-14', 40, 0),
(709, 1, 40, '2025-04-15', 40, 0),
(709, 1, 40, '2025-04-16', 40, 0),
(709, 1, 40, '2025-04-17', 40, 0),
(709, 1, 40, '2025-04-18', 40, 0),
(709, 1, 40, '2025-04-19', 40, 0),
(709, 1, 40, '2025-04-20', 40, 0),
(709, 1, 40, '2025-04-21', 40, 0),
(709, 1, 40, '2025-04-22', 40, 0),
(709, 1, 40, '2025-04-23', 40, 0),
(709, 1, 40, '2025-04-24', 40, 0),
(709, 1, 40, '2025-04-25', 40, 0),
(709, 1, 40, '2025-04-26', 40, 0),
(709, 1, 40, '2025-04-27', 40, 0),
(709, 1, 40, '2025-04-28', 40, 0),
(709, 1, 40, '2025-04-29', 40, 0),
(709, 1, 40, '2025-04-30', 40, 0),
(709, 1, 40, '2025-05-01', 40, 0),
(709, 1, 40, '2025-05-02', 40, 0),
(709, 1, 40, '2025-05-03', 40, 0),
(709, 1, 40, '2025-05-04', 40, 0),
(709, 1, 40, '2025-05-05', 40, 0),
(709, 1, 40, '2025-05-06', 40, 0),
(709, 1, 40, '2025-05-07', 40, 0),
(709, 1, 40, '2025-05-08', 40, 0),
(709, 1, 40, '2025-05-09', 40, 0),
(709, 1, 40, '2025-05-10', 40, 0),
(709, 1, 40, '2025-05-11', 40, 0),
(709, 1, 40, '2025-05-12', 40, 0),
(709, 1, 40, '2025-05-13', 40, 0),
(709, 2, 40, '2025-04-14', 40, 0),
(709, 2, 40, '2025-04-15', 40, 0),
(709, 2, 40, '2025-04-16', 40, 0),
(709, 2, 40, '2025-04-17', 40, 0),
(709, 2, 40, '2025-04-18', 40, 0),
(709, 2, 40, '2025-04-19', 40, 0),
(709, 2, 40, '2025-04-20', 40, 0),
(709, 2, 40, '2025-04-21', 40, 0),
(709, 2, 40, '2025-04-22', 40, 0),
(709, 2, 40, '2025-04-23', 40, 0),
(709, 2, 40, '2025-04-24', 40, 0),
(709, 2, 40, '2025-04-25', 40, 0),
(709, 2, 40, '2025-04-26', 40, 0),
(709, 2, 40, '2025-04-27', 40, 0),
(709, 2, 40, '2025-04-28', 40, 0),
(709, 2, 40, '2025-04-29', 40, 0),
(709, 2, 40, '2025-04-30', 40, 0),
(709, 2, 40, '2025-05-01', 40, 0),
(709, 2, 40, '2025-05-02', 40, 0),
(709, 2, 40, '2025-05-03', 40, 0),
(709, 2, 40, '2025-05-04', 40, 0),
(709, 2, 40, '2025-05-05', 40, 0),
(709, 2, 40, '2025-05-06', 40, 0),
(709, 2, 40, '2025-05-07', 40, 0),
(709, 2, 40, '2025-05-08', 40, 0),
(709, 2, 40, '2025-05-09', 40, 0),
(709, 2, 40, '2025-05-10', 40, 0),
(709, 2, 40, '2025-05-11', 40, 0),
(709, 2, 40, '2025-05-12', 40, 0),
(709, 2, 40, '2025-05-13', 40, 0),
(709, 3, 40, '2025-04-14', 40, 0),
(709, 3, 40, '2025-04-15', 40, 0),
(709, 3, 40, '2025-04-16', 40, 0),
(709, 3, 40, '2025-04-17', 40, 0),
(709, 3, 40, '2025-04-18', 40, 0),
(709, 3, 40, '2025-04-19', 40, 0),
(709, 3, 40, '2025-04-20', 40, 0),
(709, 3, 40, '2025-04-21', 40, 0),
(709, 3, 40, '2025-04-22', 40, 0),
(709, 3, 40, '2025-04-23', 40, 0),
(709, 3, 40, '2025-04-24', 40, 0),
(709, 3, 40, '2025-04-25', 40, 0),
(709, 3, 40, '2025-04-26', 40, 0),
(709, 3, 40, '2025-04-27', 40, 0),
(709, 3, 40, '2025-04-28', 40, 0),
(709, 3, 40, '2025-04-29', 40, 0),
(709, 3, 40, '2025-04-30', 40, 0),
(709, 3, 40, '2025-05-01', 40, 0),
(709, 3, 40, '2025-05-02', 40, 0),
(709, 3, 40, '2025-05-03', 40, 0),
(709, 3, 40, '2025-05-04', 40, 0),
(709, 3, 40, '2025-05-05', 40, 0),
(709, 3, 40, '2025-05-06', 40, 0),
(709, 3, 40, '2025-05-07', 40, 0),
(709, 3, 40, '2025-05-08', 40, 0),
(709, 3, 40, '2025-05-09', 40, 0),
(709, 3, 40, '2025-05-10', 40, 0),
(709, 3, 40, '2025-05-11', 40, 0),
(709, 3, 40, '2025-05-12', 40, 0),
(709, 3, 40, '2025-05-13', 40, 0),
(709, 4, 40, '2025-04-14', 40, 0),
(709, 4, 40, '2025-04-15', 40, 0),
(709, 4, 40, '2025-04-16', 40, 0),
(709, 4, 40, '2025-04-17', 40, 0),
(709, 4, 40, '2025-04-18', 40, 0),
(709, 4, 40, '2025-04-19', 40, 0),
(709, 4, 40, '2025-04-20', 40, 0),
(709, 4, 40, '2025-04-21', 40, 0),
(709, 4, 40, '2025-04-22', 40, 0),
(709, 4, 40, '2025-04-23', 40, 0),
(709, 4, 40, '2025-04-24', 40, 0),
(709, 4, 40, '2025-04-25', 40, 0),
(709, 4, 40, '2025-04-26', 40, 0),
(709, 4, 40, '2025-04-27', 40, 0),
(709, 4, 40, '2025-04-28', 40, 0),
(709, 4, 40, '2025-04-29', 40, 0),
(709, 4, 40, '2025-04-30', 40, 0),
(709, 4, 40, '2025-05-01', 40, 0),
(709, 4, 40, '2025-05-02', 40, 0),
(709, 4, 40, '2025-05-03', 40, 0),
(709, 4, 40, '2025-05-04', 40, 0),
(709, 4, 40, '2025-05-05', 40, 0),
(709, 4, 40, '2025-05-06', 40, 0),
(709, 4, 40, '2025-05-07', 40, 0),
(709, 4, 40, '2025-05-08', 40, 0),
(709, 4, 40, '2025-05-09', 40, 0),
(709, 4, 40, '2025-05-10', 40, 0),
(709, 4, 40, '2025-05-11', 40, 0),
(709, 4, 40, '2025-05-12', 40, 0),
(709, 4, 40, '2025-05-13', 40, 0),
(709, 5, 40, '2025-04-14', 40, 0),
(709, 5, 40, '2025-04-15', 40, 0),
(709, 5, 40, '2025-04-16', 40, 0),
(709, 5, 40, '2025-04-17', 40, 0),
(709, 5, 40, '2025-04-18', 40, 0),
(709, 5, 40, '2025-04-19', 40, 0),
(709, 5, 40, '2025-04-20', 40, 0),
(709, 5, 40, '2025-04-21', 40, 0),
(709, 5, 40, '2025-04-22', 40, 0),
(709, 5, 40, '2025-04-23', 40, 0),
(709, 5, 40, '2025-04-24', 40, 0),
(709, 5, 40, '2025-04-25', 40, 0),
(709, 5, 40, '2025-04-26', 40, 0),
(709, 5, 40, '2025-04-27', 40, 0),
(709, 5, 40, '2025-04-28', 40, 0),
(709, 5, 40, '2025-04-29', 40, 0),
(709, 5, 40, '2025-04-30', 40, 0),
(709, 5, 40, '2025-05-01', 40, 0),
(709, 5, 40, '2025-05-02', 40, 0),
(709, 5, 40, '2025-05-03', 40, 0),
(709, 5, 40, '2025-05-04', 40, 0),
(709, 5, 40, '2025-05-05', 40, 0),
(709, 5, 40, '2025-05-06', 40, 0),
(709, 5, 40, '2025-05-07', 40, 0),
(709, 5, 40, '2025-05-08', 40, 0),
(709, 5, 40, '2025-05-09', 40, 0),
(709, 5, 40, '2025-05-10', 40, 0),
(709, 5, 40, '2025-05-11', 40, 0),
(709, 5, 40, '2025-05-12', 40, 0),
(709, 5, 40, '2025-05-13', 40, 0),
(709, 6, 40, '2025-04-14', 40, 0),
(709, 6, 40, '2025-04-15', 40, 0),
(709, 6, 40, '2025-04-16', 40, 0),
(709, 6, 40, '2025-04-17', 40, 0),
(709, 6, 40, '2025-04-18', 40, 0),
(709, 6, 40, '2025-04-19', 40, 0),
(709, 6, 40, '2025-04-20', 40, 0),
(709, 6, 40, '2025-04-21', 40, 0),
(709, 6, 40, '2025-04-22', 40, 0),
(709, 6, 40, '2025-04-23', 40, 0),
(709, 6, 40, '2025-04-24', 40, 0),
(709, 6, 40, '2025-04-25', 40, 0),
(709, 6, 40, '2025-04-26', 40, 0),
(709, 6, 40, '2025-04-27', 40, 0),
(709, 6, 40, '2025-04-28', 40, 0),
(709, 6, 40, '2025-04-29', 40, 0),
(709, 6, 40, '2025-04-30', 40, 0),
(709, 6, 40, '2025-05-01', 40, 0),
(709, 6, 40, '2025-05-02', 40, 0),
(709, 6, 40, '2025-05-03', 40, 0),
(709, 6, 40, '2025-05-04', 40, 0),
(709, 6, 40, '2025-05-05', 40, 0),
(709, 6, 40, '2025-05-06', 40, 0),
(709, 6, 40, '2025-05-07', 40, 0),
(709, 6, 40, '2025-05-08', 40, 0),
(709, 6, 40, '2025-05-09', 40, 0),
(709, 6, 40, '2025-05-10', 40, 0),
(709, 6, 40, '2025-05-11', 40, 0),
(709, 6, 40, '2025-05-12', 40, 0),
(709, 6, 40, '2025-05-13', 40, 0),
(709, 7, 40, '2025-04-14', 40, 0),
(709, 7, 40, '2025-04-15', 40, 0),
(709, 7, 40, '2025-04-16', 40, 0),
(709, 7, 40, '2025-04-17', 40, 0),
(709, 7, 40, '2025-04-18', 40, 0),
(709, 7, 40, '2025-04-19', 40, 0),
(709, 7, 40, '2025-04-20', 40, 0),
(709, 7, 40, '2025-04-21', 40, 0),
(709, 7, 40, '2025-04-22', 40, 0),
(709, 7, 40, '2025-04-23', 40, 0),
(709, 7, 40, '2025-04-24', 40, 0),
(709, 7, 40, '2025-04-25', 40, 0),
(709, 7, 40, '2025-04-26', 40, 0),
(709, 7, 40, '2025-04-27', 40, 0),
(709, 7, 40, '2025-04-28', 40, 0),
(709, 7, 40, '2025-04-29', 40, 0),
(709, 7, 40, '2025-04-30', 40, 0),
(709, 7, 40, '2025-05-01', 40, 0),
(709, 7, 40, '2025-05-02', 40, 0),
(709, 7, 40, '2025-05-03', 40, 0),
(709, 7, 40, '2025-05-04', 40, 0),
(709, 7, 40, '2025-05-05', 40, 0),
(709, 7, 40, '2025-05-06', 40, 0),
(709, 7, 40, '2025-05-07', 40, 0),
(709, 7, 40, '2025-05-08', 40, 0),
(709, 7, 40, '2025-05-09', 40, 0),
(709, 7, 40, '2025-05-10', 40, 0),
(709, 7, 40, '2025-05-11', 40, 0),
(709, 7, 40, '2025-05-12', 40, 0),
(709, 7, 40, '2025-05-13', 40, 0),
(709, 8, 40, '2025-04-14', 40, 0),
(709, 8, 40, '2025-04-15', 40, 0),
(709, 8, 40, '2025-04-16', 40, 0),
(709, 8, 40, '2025-04-17', 40, 0),
(709, 8, 40, '2025-04-18', 40, 0),
(709, 8, 40, '2025-04-19', 40, 0),
(709, 8, 40, '2025-04-20', 40, 0),
(709, 8, 40, '2025-04-21', 40, 0),
(709, 8, 40, '2025-04-22', 40, 0),
(709, 8, 40, '2025-04-23', 40, 0),
(709, 8, 40, '2025-04-24', 40, 0),
(709, 8, 40, '2025-04-25', 40, 0),
(709, 8, 40, '2025-04-26', 40, 0),
(709, 8, 40, '2025-04-27', 40, 0),
(709, 8, 40, '2025-04-28', 40, 0),
(709, 8, 40, '2025-04-29', 40, 0),
(709, 8, 40, '2025-04-30', 40, 0),
(709, 8, 40, '2025-05-01', 40, 0),
(709, 8, 40, '2025-05-02', 40, 0),
(709, 8, 40, '2025-05-03', 40, 0),
(709, 8, 40, '2025-05-04', 40, 0),
(709, 8, 40, '2025-05-05', 40, 0),
(709, 8, 40, '2025-05-06', 40, 0),
(709, 8, 40, '2025-05-07', 40, 0),
(709, 8, 40, '2025-05-08', 40, 0),
(709, 8, 40, '2025-05-09', 40, 0),
(709, 8, 40, '2025-05-10', 40, 0),
(709, 8, 40, '2025-05-11', 40, 0),
(709, 8, 40, '2025-05-12', 40, 0),
(709, 8, 40, '2025-05-13', 40, 0),
(709, 9, 40, '2025-04-14', 40, 0),
(709, 9, 40, '2025-04-15', 40, 0),
(709, 9, 40, '2025-04-16', 40, 0),
(709, 9, 40, '2025-04-17', 40, 0),
(709, 9, 40, '2025-04-18', 40, 0),
(709, 9, 40, '2025-04-19', 40, 0),
(709, 9, 40, '2025-04-20', 40, 0),
(709, 9, 40, '2025-04-21', 40, 0),
(709, 9, 40, '2025-04-22', 40, 0),
(709, 9, 40, '2025-04-23', 40, 0),
(709, 9, 40, '2025-04-24', 40, 0),
(709, 9, 40, '2025-04-25', 40, 0),
(709, 9, 40, '2025-04-26', 40, 0),
(709, 9, 40, '2025-04-27', 40, 0),
(709, 9, 40, '2025-04-28', 40, 0),
(709, 9, 40, '2025-04-29', 40, 0),
(709, 9, 40, '2025-04-30', 40, 0),
(709, 9, 40, '2025-05-01', 40, 0),
(709, 9, 40, '2025-05-02', 40, 0),
(709, 9, 40, '2025-05-03', 40, 0),
(709, 9, 40, '2025-05-04', 40, 0),
(709, 9, 40, '2025-05-05', 40, 0),
(709, 9, 40, '2025-05-06', 40, 0),
(709, 9, 40, '2025-05-07', 40, 0),
(709, 9, 40, '2025-05-08', 40, 0),
(709, 9, 40, '2025-05-09', 40, 0),
(709, 9, 40, '2025-05-10', 40, 0),
(709, 9, 40, '2025-05-11', 40, 0),
(709, 9, 40, '2025-05-12', 40, 0),
(709, 9, 40, '2025-05-13', 40, 0),
(710, 1, 40, '2025-04-14', 40, 0),
(710, 1, 40, '2025-04-15', 40, 0),
(710, 1, 40, '2025-04-16', 40, 0),
(710, 1, 40, '2025-04-17', 40, 0),
(710, 1, 40, '2025-04-18', 40, 0),
(710, 1, 40, '2025-04-19', 40, 0),
(710, 1, 40, '2025-04-20', 40, 0),
(710, 1, 40, '2025-04-21', 40, 0),
(710, 1, 40, '2025-04-22', 40, 0),
(710, 1, 40, '2025-04-23', 40, 0),
(710, 1, 40, '2025-04-24', 40, 0),
(710, 1, 40, '2025-04-25', 40, 0),
(710, 1, 40, '2025-04-26', 40, 0),
(710, 1, 40, '2025-04-27', 40, 0),
(710, 1, 40, '2025-04-28', 40, 0),
(710, 1, 40, '2025-04-29', 40, 0),
(710, 1, 40, '2025-04-30', 40, 0),
(710, 1, 40, '2025-05-01', 40, 0),
(710, 1, 40, '2025-05-02', 40, 0),
(710, 1, 40, '2025-05-03', 40, 0),
(710, 1, 40, '2025-05-04', 40, 0),
(710, 1, 40, '2025-05-05', 40, 0),
(710, 1, 40, '2025-05-06', 40, 0),
(710, 1, 40, '2025-05-07', 40, 0),
(710, 1, 40, '2025-05-08', 40, 0),
(710, 1, 40, '2025-05-09', 40, 0),
(710, 1, 40, '2025-05-10', 40, 0),
(710, 1, 40, '2025-05-11', 40, 0),
(710, 1, 40, '2025-05-12', 40, 0),
(710, 1, 40, '2025-05-13', 40, 0),
(710, 2, 40, '2025-04-14', 40, 0),
(710, 2, 40, '2025-04-15', 40, 0),
(710, 2, 40, '2025-04-16', 40, 0),
(710, 2, 40, '2025-04-17', 40, 0),
(710, 2, 40, '2025-04-18', 40, 0),
(710, 2, 40, '2025-04-19', 40, 0),
(710, 2, 40, '2025-04-20', 40, 0),
(710, 2, 40, '2025-04-21', 40, 0),
(710, 2, 40, '2025-04-22', 40, 0),
(710, 2, 40, '2025-04-23', 40, 0),
(710, 2, 40, '2025-04-24', 40, 0),
(710, 2, 40, '2025-04-25', 40, 0),
(710, 2, 40, '2025-04-26', 40, 0),
(710, 2, 40, '2025-04-27', 40, 0),
(710, 2, 40, '2025-04-28', 40, 0),
(710, 2, 40, '2025-04-29', 40, 0),
(710, 2, 40, '2025-04-30', 40, 0),
(710, 2, 40, '2025-05-01', 40, 0),
(710, 2, 40, '2025-05-02', 40, 0),
(710, 2, 40, '2025-05-03', 40, 0),
(710, 2, 40, '2025-05-04', 40, 0),
(710, 2, 40, '2025-05-05', 40, 0),
(710, 2, 40, '2025-05-06', 40, 0),
(710, 2, 40, '2025-05-07', 40, 0),
(710, 2, 40, '2025-05-08', 40, 0),
(710, 2, 40, '2025-05-09', 40, 0),
(710, 2, 40, '2025-05-10', 40, 0),
(710, 2, 40, '2025-05-11', 40, 0),
(710, 2, 40, '2025-05-12', 40, 0),
(710, 2, 40, '2025-05-13', 40, 0),
(710, 3, 40, '2025-04-14', 40, 0),
(710, 3, 40, '2025-04-15', 40, 0),
(710, 3, 40, '2025-04-16', 40, 0),
(710, 3, 40, '2025-04-17', 40, 0),
(710, 3, 40, '2025-04-18', 40, 0),
(710, 3, 40, '2025-04-19', 40, 0),
(710, 3, 40, '2025-04-20', 40, 0),
(710, 3, 40, '2025-04-21', 40, 0),
(710, 3, 40, '2025-04-22', 40, 0),
(710, 3, 40, '2025-04-23', 40, 0),
(710, 3, 40, '2025-04-24', 40, 0),
(710, 3, 40, '2025-04-25', 40, 0),
(710, 3, 40, '2025-04-26', 40, 0),
(710, 3, 40, '2025-04-27', 40, 0),
(710, 3, 40, '2025-04-28', 40, 0),
(710, 3, 40, '2025-04-29', 40, 0),
(710, 3, 40, '2025-04-30', 40, 0),
(710, 3, 40, '2025-05-01', 40, 0),
(710, 3, 40, '2025-05-02', 40, 0),
(710, 3, 40, '2025-05-03', 40, 0),
(710, 3, 40, '2025-05-04', 40, 0),
(710, 3, 40, '2025-05-05', 40, 0),
(710, 3, 40, '2025-05-06', 40, 0),
(710, 3, 40, '2025-05-07', 40, 0),
(710, 3, 40, '2025-05-08', 40, 0),
(710, 3, 40, '2025-05-09', 40, 0),
(710, 3, 40, '2025-05-10', 40, 0),
(710, 3, 40, '2025-05-11', 40, 0),
(710, 3, 40, '2025-05-12', 40, 0),
(710, 3, 40, '2025-05-13', 40, 0),
(710, 4, 40, '2025-04-14', 40, 0),
(710, 4, 40, '2025-04-15', 40, 0),
(710, 4, 40, '2025-04-16', 40, 0),
(710, 4, 40, '2025-04-17', 40, 0),
(710, 4, 40, '2025-04-18', 40, 0),
(710, 4, 40, '2025-04-19', 40, 0),
(710, 4, 40, '2025-04-20', 40, 0),
(710, 4, 40, '2025-04-21', 40, 0),
(710, 4, 40, '2025-04-22', 40, 0),
(710, 4, 40, '2025-04-23', 40, 0),
(710, 4, 40, '2025-04-24', 40, 0),
(710, 4, 40, '2025-04-25', 40, 0),
(710, 4, 40, '2025-04-26', 40, 0),
(710, 4, 40, '2025-04-27', 40, 0),
(710, 4, 40, '2025-04-28', 40, 0),
(710, 4, 40, '2025-04-29', 40, 0),
(710, 4, 40, '2025-04-30', 40, 0),
(710, 4, 40, '2025-05-01', 40, 0),
(710, 4, 40, '2025-05-02', 40, 0),
(710, 4, 40, '2025-05-03', 40, 0),
(710, 4, 40, '2025-05-04', 40, 0),
(710, 4, 40, '2025-05-05', 40, 0),
(710, 4, 40, '2025-05-06', 40, 0),
(710, 4, 40, '2025-05-07', 40, 0),
(710, 4, 40, '2025-05-08', 40, 0),
(710, 4, 40, '2025-05-09', 40, 0),
(710, 4, 40, '2025-05-10', 40, 0),
(710, 4, 40, '2025-05-11', 40, 0),
(710, 4, 40, '2025-05-12', 40, 0),
(710, 4, 40, '2025-05-13', 40, 0),
(710, 5, 40, '2025-04-14', 40, 0),
(710, 5, 40, '2025-04-15', 40, 0),
(710, 5, 40, '2025-04-16', 40, 0),
(710, 5, 40, '2025-04-17', 40, 0),
(710, 5, 40, '2025-04-18', 40, 0),
(710, 5, 40, '2025-04-19', 40, 0),
(710, 5, 40, '2025-04-20', 40, 0),
(710, 5, 40, '2025-04-21', 40, 0),
(710, 5, 40, '2025-04-22', 40, 0),
(710, 5, 40, '2025-04-23', 40, 0),
(710, 5, 40, '2025-04-24', 40, 0),
(710, 5, 40, '2025-04-25', 40, 0),
(710, 5, 40, '2025-04-26', 40, 0),
(710, 5, 40, '2025-04-27', 40, 0),
(710, 5, 40, '2025-04-28', 40, 0),
(710, 5, 40, '2025-04-29', 40, 0),
(710, 5, 40, '2025-04-30', 40, 0),
(710, 5, 40, '2025-05-01', 40, 0),
(710, 5, 40, '2025-05-02', 40, 0),
(710, 5, 40, '2025-05-03', 40, 0),
(710, 5, 40, '2025-05-04', 40, 0),
(710, 5, 40, '2025-05-05', 40, 0),
(710, 5, 40, '2025-05-06', 40, 0),
(710, 5, 40, '2025-05-07', 40, 0),
(710, 5, 40, '2025-05-08', 40, 0),
(710, 5, 40, '2025-05-09', 40, 0),
(710, 5, 40, '2025-05-10', 40, 0),
(710, 5, 40, '2025-05-11', 40, 0),
(710, 5, 40, '2025-05-12', 40, 0),
(710, 5, 40, '2025-05-13', 40, 0),
(710, 6, 40, '2025-04-14', 40, 0),
(710, 6, 40, '2025-04-15', 40, 0),
(710, 6, 40, '2025-04-16', 40, 0),
(710, 6, 40, '2025-04-17', 40, 0),
(710, 6, 40, '2025-04-18', 40, 0),
(710, 6, 40, '2025-04-19', 40, 0),
(710, 6, 40, '2025-04-20', 40, 0),
(710, 6, 40, '2025-04-21', 40, 0),
(710, 6, 40, '2025-04-22', 40, 0),
(710, 6, 40, '2025-04-23', 40, 0),
(710, 6, 40, '2025-04-24', 40, 0),
(710, 6, 40, '2025-04-25', 40, 0),
(710, 6, 40, '2025-04-26', 40, 0),
(710, 6, 40, '2025-04-27', 40, 0),
(710, 6, 40, '2025-04-28', 40, 0),
(710, 6, 40, '2025-04-29', 40, 0),
(710, 6, 40, '2025-04-30', 40, 0),
(710, 6, 40, '2025-05-01', 40, 0),
(710, 6, 40, '2025-05-02', 40, 0),
(710, 6, 40, '2025-05-03', 40, 0),
(710, 6, 40, '2025-05-04', 40, 0),
(710, 6, 40, '2025-05-05', 40, 0),
(710, 6, 40, '2025-05-06', 40, 0),
(710, 6, 40, '2025-05-07', 40, 0),
(710, 6, 40, '2025-05-08', 40, 0),
(710, 6, 40, '2025-05-09', 40, 0),
(710, 6, 40, '2025-05-10', 40, 0),
(710, 6, 40, '2025-05-11', 40, 0),
(710, 6, 40, '2025-05-12', 40, 0),
(710, 6, 40, '2025-05-13', 40, 0),
(710, 7, 40, '2025-04-14', 40, 0),
(710, 7, 40, '2025-04-15', 40, 0),
(710, 7, 40, '2025-04-16', 40, 0),
(710, 7, 40, '2025-04-17', 40, 0),
(710, 7, 40, '2025-04-18', 40, 0),
(710, 7, 40, '2025-04-19', 40, 0),
(710, 7, 40, '2025-04-20', 40, 0),
(710, 7, 40, '2025-04-21', 40, 0),
(710, 7, 40, '2025-04-22', 40, 0),
(710, 7, 40, '2025-04-23', 40, 0),
(710, 7, 40, '2025-04-24', 40, 0),
(710, 7, 40, '2025-04-25', 40, 0),
(710, 7, 40, '2025-04-26', 40, 0),
(710, 7, 40, '2025-04-27', 40, 0),
(710, 7, 40, '2025-04-28', 40, 0),
(710, 7, 40, '2025-04-29', 40, 0),
(710, 7, 40, '2025-04-30', 40, 0),
(710, 7, 40, '2025-05-01', 40, 0),
(710, 7, 40, '2025-05-02', 40, 0),
(710, 7, 40, '2025-05-03', 40, 0),
(710, 7, 40, '2025-05-04', 40, 0),
(710, 7, 40, '2025-05-05', 40, 0),
(710, 7, 40, '2025-05-06', 40, 0),
(710, 7, 40, '2025-05-07', 40, 0),
(710, 7, 40, '2025-05-08', 40, 0),
(710, 7, 40, '2025-05-09', 40, 0),
(710, 7, 40, '2025-05-10', 40, 0),
(710, 7, 40, '2025-05-11', 40, 0),
(710, 7, 40, '2025-05-12', 40, 0),
(710, 7, 40, '2025-05-13', 40, 0),
(710, 8, 40, '2025-04-14', 40, 0),
(710, 8, 40, '2025-04-15', 40, 0),
(710, 8, 40, '2025-04-16', 40, 0),
(710, 8, 40, '2025-04-17', 40, 0),
(710, 8, 40, '2025-04-18', 40, 0),
(710, 8, 40, '2025-04-19', 40, 0),
(710, 8, 40, '2025-04-20', 40, 0),
(710, 8, 40, '2025-04-21', 40, 0),
(710, 8, 40, '2025-04-22', 40, 0),
(710, 8, 40, '2025-04-23', 40, 0),
(710, 8, 40, '2025-04-24', 40, 0),
(710, 8, 40, '2025-04-25', 40, 0),
(710, 8, 40, '2025-04-26', 40, 0),
(710, 8, 40, '2025-04-27', 40, 0),
(710, 8, 40, '2025-04-28', 40, 0),
(710, 8, 40, '2025-04-29', 40, 0),
(710, 8, 40, '2025-04-30', 40, 0),
(710, 8, 40, '2025-05-01', 40, 0),
(710, 8, 40, '2025-05-02', 40, 0),
(710, 8, 40, '2025-05-03', 40, 0),
(710, 8, 40, '2025-05-04', 40, 0),
(710, 8, 40, '2025-05-05', 40, 0),
(710, 8, 40, '2025-05-06', 40, 0),
(710, 8, 40, '2025-05-07', 40, 0),
(710, 8, 40, '2025-05-08', 40, 0),
(710, 8, 40, '2025-05-09', 40, 0),
(710, 8, 40, '2025-05-10', 40, 0),
(710, 8, 40, '2025-05-11', 40, 0),
(710, 8, 40, '2025-05-12', 40, 0),
(710, 8, 40, '2025-05-13', 40, 0),
(710, 9, 40, '2025-04-14', 40, 0),
(710, 9, 40, '2025-04-15', 40, 0),
(710, 9, 40, '2025-04-16', 40, 0),
(710, 9, 40, '2025-04-17', 40, 0),
(710, 9, 40, '2025-04-18', 40, 0),
(710, 9, 40, '2025-04-19', 40, 0),
(710, 9, 40, '2025-04-20', 40, 0),
(710, 9, 40, '2025-04-21', 40, 0),
(710, 9, 40, '2025-04-22', 40, 0),
(710, 9, 40, '2025-04-23', 40, 0),
(710, 9, 40, '2025-04-24', 40, 0),
(710, 9, 40, '2025-04-25', 40, 0),
(710, 9, 40, '2025-04-26', 40, 0),
(710, 9, 40, '2025-04-27', 40, 0),
(710, 9, 40, '2025-04-28', 40, 0),
(710, 9, 40, '2025-04-29', 40, 0),
(710, 9, 40, '2025-04-30', 40, 0),
(710, 9, 40, '2025-05-01', 40, 0),
(710, 9, 40, '2025-05-02', 40, 0),
(710, 9, 40, '2025-05-03', 40, 0),
(710, 9, 40, '2025-05-04', 40, 0),
(710, 9, 40, '2025-05-05', 40, 0),
(710, 9, 40, '2025-05-06', 40, 0),
(710, 9, 40, '2025-05-07', 40, 0),
(710, 9, 40, '2025-05-08', 40, 0),
(710, 9, 40, '2025-05-09', 40, 0),
(710, 9, 40, '2025-05-10', 40, 0),
(710, 9, 40, '2025-05-11', 40, 0),
(710, 9, 40, '2025-05-12', 40, 0),
(710, 9, 40, '2025-05-13', 40, 0),
(711, 1, 40, '2025-04-14', 40, 0),
(711, 1, 40, '2025-04-15', 40, 0),
(711, 1, 40, '2025-04-16', 40, 0),
(711, 1, 40, '2025-04-17', 40, 0),
(711, 1, 40, '2025-04-18', 40, 0),
(711, 1, 40, '2025-04-19', 40, 0),
(711, 1, 40, '2025-04-20', 40, 0),
(711, 1, 40, '2025-04-21', 40, 0),
(711, 1, 40, '2025-04-22', 40, 0),
(711, 1, 40, '2025-04-23', 40, 0),
(711, 1, 40, '2025-04-24', 40, 0),
(711, 1, 40, '2025-04-25', 40, 0),
(711, 1, 40, '2025-04-26', 40, 0),
(711, 1, 40, '2025-04-27', 40, 0),
(711, 1, 40, '2025-04-28', 40, 0),
(711, 1, 40, '2025-04-29', 40, 0),
(711, 1, 40, '2025-04-30', 40, 0),
(711, 1, 40, '2025-05-01', 40, 0),
(711, 1, 40, '2025-05-02', 40, 0),
(711, 1, 40, '2025-05-03', 40, 0),
(711, 1, 40, '2025-05-04', 40, 0),
(711, 1, 40, '2025-05-05', 40, 0),
(711, 1, 40, '2025-05-06', 40, 0),
(711, 1, 40, '2025-05-07', 40, 0),
(711, 1, 40, '2025-05-08', 40, 0),
(711, 1, 40, '2025-05-09', 40, 0),
(711, 1, 40, '2025-05-10', 40, 0),
(711, 1, 40, '2025-05-11', 40, 0),
(711, 1, 40, '2025-05-12', 40, 0),
(711, 1, 40, '2025-05-13', 40, 0),
(711, 2, 40, '2025-04-14', 40, 0),
(711, 2, 40, '2025-04-15', 40, 0),
(711, 2, 40, '2025-04-16', 40, 0),
(711, 2, 40, '2025-04-17', 40, 0),
(711, 2, 40, '2025-04-18', 40, 0),
(711, 2, 40, '2025-04-19', 40, 0),
(711, 2, 40, '2025-04-20', 40, 0),
(711, 2, 40, '2025-04-21', 40, 0),
(711, 2, 40, '2025-04-22', 40, 0),
(711, 2, 40, '2025-04-23', 40, 0),
(711, 2, 40, '2025-04-24', 40, 0),
(711, 2, 40, '2025-04-25', 40, 0),
(711, 2, 40, '2025-04-26', 40, 0),
(711, 2, 40, '2025-04-27', 40, 0),
(711, 2, 40, '2025-04-28', 40, 0),
(711, 2, 40, '2025-04-29', 40, 0),
(711, 2, 40, '2025-04-30', 40, 0),
(711, 2, 40, '2025-05-01', 40, 0),
(711, 2, 40, '2025-05-02', 40, 0),
(711, 2, 40, '2025-05-03', 40, 0),
(711, 2, 40, '2025-05-04', 40, 0),
(711, 2, 40, '2025-05-05', 40, 0),
(711, 2, 40, '2025-05-06', 40, 0),
(711, 2, 40, '2025-05-07', 40, 0),
(711, 2, 40, '2025-05-08', 40, 0),
(711, 2, 40, '2025-05-09', 40, 0),
(711, 2, 40, '2025-05-10', 40, 0),
(711, 2, 40, '2025-05-11', 40, 0),
(711, 2, 40, '2025-05-12', 40, 0),
(711, 2, 40, '2025-05-13', 40, 0),
(711, 3, 40, '2025-04-14', 40, 0),
(711, 3, 40, '2025-04-15', 40, 0),
(711, 3, 40, '2025-04-16', 40, 0),
(711, 3, 40, '2025-04-17', 40, 0),
(711, 3, 40, '2025-04-18', 40, 0),
(711, 3, 40, '2025-04-19', 40, 0),
(711, 3, 40, '2025-04-20', 40, 0),
(711, 3, 40, '2025-04-21', 40, 0),
(711, 3, 40, '2025-04-22', 40, 0),
(711, 3, 40, '2025-04-23', 40, 0),
(711, 3, 40, '2025-04-24', 40, 0),
(711, 3, 40, '2025-04-25', 40, 0),
(711, 3, 40, '2025-04-26', 40, 0),
(711, 3, 40, '2025-04-27', 40, 0),
(711, 3, 40, '2025-04-28', 40, 0),
(711, 3, 40, '2025-04-29', 40, 0),
(711, 3, 40, '2025-04-30', 40, 0),
(711, 3, 40, '2025-05-01', 40, 0),
(711, 3, 40, '2025-05-02', 40, 0),
(711, 3, 40, '2025-05-03', 40, 0),
(711, 3, 40, '2025-05-04', 40, 0),
(711, 3, 40, '2025-05-05', 40, 0),
(711, 3, 40, '2025-05-06', 40, 0),
(711, 3, 40, '2025-05-07', 40, 0),
(711, 3, 40, '2025-05-08', 40, 0),
(711, 3, 40, '2025-05-09', 40, 0),
(711, 3, 40, '2025-05-10', 40, 0),
(711, 3, 40, '2025-05-11', 40, 0),
(711, 3, 40, '2025-05-12', 40, 0),
(711, 3, 40, '2025-05-13', 40, 0),
(711, 4, 40, '2025-04-14', 40, 0),
(711, 4, 40, '2025-04-15', 40, 0),
(711, 4, 40, '2025-04-16', 40, 0),
(711, 4, 40, '2025-04-17', 40, 0),
(711, 4, 40, '2025-04-18', 40, 0),
(711, 4, 40, '2025-04-19', 40, 0),
(711, 4, 40, '2025-04-20', 40, 0),
(711, 4, 40, '2025-04-21', 40, 0),
(711, 4, 40, '2025-04-22', 40, 0),
(711, 4, 40, '2025-04-23', 40, 0),
(711, 4, 40, '2025-04-24', 40, 0),
(711, 4, 40, '2025-04-25', 40, 0),
(711, 4, 40, '2025-04-26', 40, 0),
(711, 4, 40, '2025-04-27', 40, 0),
(711, 4, 40, '2025-04-28', 40, 0),
(711, 4, 40, '2025-04-29', 40, 0),
(711, 4, 40, '2025-04-30', 40, 0),
(711, 4, 40, '2025-05-01', 40, 0),
(711, 4, 40, '2025-05-02', 40, 0),
(711, 4, 40, '2025-05-03', 40, 0),
(711, 4, 40, '2025-05-04', 40, 0),
(711, 4, 40, '2025-05-05', 40, 0),
(711, 4, 40, '2025-05-06', 40, 0),
(711, 4, 40, '2025-05-07', 40, 0),
(711, 4, 40, '2025-05-08', 40, 0),
(711, 4, 40, '2025-05-09', 40, 0),
(711, 4, 40, '2025-05-10', 40, 0),
(711, 4, 40, '2025-05-11', 40, 0),
(711, 4, 40, '2025-05-12', 40, 0),
(711, 4, 40, '2025-05-13', 40, 0),
(711, 5, 40, '2025-04-14', 40, 0),
(711, 5, 40, '2025-04-15', 40, 0),
(711, 5, 40, '2025-04-16', 40, 0),
(711, 5, 40, '2025-04-17', 40, 0),
(711, 5, 40, '2025-04-18', 40, 0),
(711, 5, 40, '2025-04-19', 40, 0),
(711, 5, 40, '2025-04-20', 40, 0),
(711, 5, 40, '2025-04-21', 40, 0),
(711, 5, 40, '2025-04-22', 40, 0),
(711, 5, 40, '2025-04-23', 40, 0),
(711, 5, 40, '2025-04-24', 40, 0),
(711, 5, 40, '2025-04-25', 40, 0),
(711, 5, 40, '2025-04-26', 40, 0),
(711, 5, 40, '2025-04-27', 40, 0),
(711, 5, 40, '2025-04-28', 40, 0),
(711, 5, 40, '2025-04-29', 40, 0),
(711, 5, 40, '2025-04-30', 40, 0),
(711, 5, 40, '2025-05-01', 40, 0),
(711, 5, 40, '2025-05-02', 40, 0),
(711, 5, 40, '2025-05-03', 40, 0),
(711, 5, 40, '2025-05-04', 40, 0),
(711, 5, 40, '2025-05-05', 40, 0),
(711, 5, 40, '2025-05-06', 40, 0),
(711, 5, 40, '2025-05-07', 40, 0),
(711, 5, 40, '2025-05-08', 40, 0),
(711, 5, 40, '2025-05-09', 40, 0),
(711, 5, 40, '2025-05-10', 40, 0),
(711, 5, 40, '2025-05-11', 40, 0),
(711, 5, 40, '2025-05-12', 40, 0),
(711, 5, 40, '2025-05-13', 40, 0),
(711, 6, 40, '2025-04-14', 40, 0),
(711, 6, 40, '2025-04-15', 40, 0),
(711, 6, 40, '2025-04-16', 40, 0),
(711, 6, 40, '2025-04-17', 40, 0),
(711, 6, 40, '2025-04-18', 40, 0),
(711, 6, 40, '2025-04-19', 40, 0),
(711, 6, 40, '2025-04-20', 40, 0),
(711, 6, 40, '2025-04-21', 40, 0),
(711, 6, 40, '2025-04-22', 40, 0),
(711, 6, 40, '2025-04-23', 40, 0),
(711, 6, 40, '2025-04-24', 40, 0),
(711, 6, 40, '2025-04-25', 40, 0),
(711, 6, 40, '2025-04-26', 40, 0),
(711, 6, 40, '2025-04-27', 40, 0),
(711, 6, 40, '2025-04-28', 40, 0),
(711, 6, 40, '2025-04-29', 40, 0),
(711, 6, 40, '2025-04-30', 40, 0),
(711, 6, 40, '2025-05-01', 40, 0),
(711, 6, 40, '2025-05-02', 40, 0),
(711, 6, 40, '2025-05-03', 40, 0),
(711, 6, 40, '2025-05-04', 40, 0),
(711, 6, 40, '2025-05-05', 40, 0),
(711, 6, 40, '2025-05-06', 40, 0),
(711, 6, 40, '2025-05-07', 40, 0),
(711, 6, 40, '2025-05-08', 40, 0),
(711, 6, 40, '2025-05-09', 40, 0),
(711, 6, 40, '2025-05-10', 40, 0),
(711, 6, 40, '2025-05-11', 40, 0),
(711, 6, 40, '2025-05-12', 40, 0),
(711, 6, 40, '2025-05-13', 40, 0),
(711, 7, 40, '2025-04-14', 40, 0),
(711, 7, 40, '2025-04-15', 40, 0),
(711, 7, 40, '2025-04-16', 40, 0),
(711, 7, 40, '2025-04-17', 40, 0),
(711, 7, 40, '2025-04-18', 40, 0),
(711, 7, 40, '2025-04-19', 40, 0),
(711, 7, 40, '2025-04-20', 40, 0),
(711, 7, 40, '2025-04-21', 40, 0),
(711, 7, 40, '2025-04-22', 40, 0),
(711, 7, 40, '2025-04-23', 40, 0),
(711, 7, 40, '2025-04-24', 40, 0),
(711, 7, 40, '2025-04-25', 40, 0),
(711, 7, 40, '2025-04-26', 40, 0),
(711, 7, 40, '2025-04-27', 40, 0),
(711, 7, 40, '2025-04-28', 40, 0),
(711, 7, 40, '2025-04-29', 40, 0),
(711, 7, 40, '2025-04-30', 40, 0),
(711, 7, 40, '2025-05-01', 40, 0),
(711, 7, 40, '2025-05-02', 40, 0),
(711, 7, 40, '2025-05-03', 40, 0),
(711, 7, 40, '2025-05-04', 40, 0),
(711, 7, 40, '2025-05-05', 40, 0),
(711, 7, 40, '2025-05-06', 40, 0),
(711, 7, 40, '2025-05-07', 40, 0),
(711, 7, 40, '2025-05-08', 40, 0),
(711, 7, 40, '2025-05-09', 40, 0),
(711, 7, 40, '2025-05-10', 40, 0),
(711, 7, 40, '2025-05-11', 40, 0),
(711, 7, 40, '2025-05-12', 40, 0),
(711, 7, 40, '2025-05-13', 40, 0),
(711, 8, 40, '2025-04-14', 40, 0),
(711, 8, 40, '2025-04-15', 40, 0),
(711, 8, 40, '2025-04-16', 40, 0),
(711, 8, 40, '2025-04-17', 40, 0),
(711, 8, 40, '2025-04-18', 40, 0),
(711, 8, 40, '2025-04-19', 40, 0),
(711, 8, 40, '2025-04-20', 40, 0),
(711, 8, 40, '2025-04-21', 40, 0),
(711, 8, 40, '2025-04-22', 40, 0),
(711, 8, 40, '2025-04-23', 40, 0),
(711, 8, 40, '2025-04-24', 40, 0),
(711, 8, 40, '2025-04-25', 40, 0),
(711, 8, 40, '2025-04-26', 40, 0),
(711, 8, 40, '2025-04-27', 40, 0),
(711, 8, 40, '2025-04-28', 40, 0),
(711, 8, 40, '2025-04-29', 40, 0),
(711, 8, 40, '2025-04-30', 40, 0),
(711, 8, 40, '2025-05-01', 40, 0),
(711, 8, 40, '2025-05-02', 40, 0),
(711, 8, 40, '2025-05-03', 40, 0),
(711, 8, 40, '2025-05-04', 40, 0),
(711, 8, 40, '2025-05-05', 40, 0),
(711, 8, 40, '2025-05-06', 40, 0),
(711, 8, 40, '2025-05-07', 40, 0),
(711, 8, 40, '2025-05-08', 40, 0),
(711, 8, 40, '2025-05-09', 40, 0),
(711, 8, 40, '2025-05-10', 40, 0),
(711, 8, 40, '2025-05-11', 40, 0),
(711, 8, 40, '2025-05-12', 40, 0),
(711, 8, 40, '2025-05-13', 40, 0),
(711, 9, 40, '2025-04-14', 40, 0),
(711, 9, 40, '2025-04-15', 40, 0),
(711, 9, 40, '2025-04-16', 40, 0),
(711, 9, 40, '2025-04-17', 40, 0),
(711, 9, 40, '2025-04-18', 40, 0),
(711, 9, 40, '2025-04-19', 40, 0),
(711, 9, 40, '2025-04-20', 40, 0),
(711, 9, 40, '2025-04-21', 40, 0),
(711, 9, 40, '2025-04-22', 40, 0),
(711, 9, 40, '2025-04-23', 40, 0),
(711, 9, 40, '2025-04-24', 40, 0),
(711, 9, 40, '2025-04-25', 40, 0),
(711, 9, 40, '2025-04-26', 40, 0),
(711, 9, 40, '2025-04-27', 40, 0),
(711, 9, 40, '2025-04-28', 40, 0),
(711, 9, 40, '2025-04-29', 40, 0),
(711, 9, 40, '2025-04-30', 40, 0),
(711, 9, 40, '2025-05-01', 40, 0),
(711, 9, 40, '2025-05-02', 40, 0),
(711, 9, 40, '2025-05-03', 40, 0),
(711, 9, 40, '2025-05-04', 40, 0),
(711, 9, 40, '2025-05-05', 40, 0),
(711, 9, 40, '2025-05-06', 40, 0),
(711, 9, 40, '2025-05-07', 40, 0),
(711, 9, 40, '2025-05-08', 40, 0),
(711, 9, 40, '2025-05-09', 40, 0),
(711, 9, 40, '2025-05-10', 40, 0),
(711, 9, 40, '2025-05-11', 40, 0),
(711, 9, 40, '2025-05-12', 40, 0),
(711, 9, 40, '2025-05-13', 40, 0),
(712, 1, 40, '2025-04-14', 40, 0),
(712, 1, 40, '2025-04-15', 40, 0),
(712, 1, 40, '2025-04-16', 40, 0),
(712, 1, 40, '2025-04-17', 40, 0),
(712, 1, 40, '2025-04-18', 40, 0),
(712, 1, 40, '2025-04-19', 40, 0),
(712, 1, 40, '2025-04-20', 40, 0),
(712, 1, 40, '2025-04-21', 40, 0),
(712, 1, 40, '2025-04-22', 40, 0),
(712, 1, 40, '2025-04-23', 40, 0),
(712, 1, 40, '2025-04-24', 40, 0),
(712, 1, 40, '2025-04-25', 40, 0),
(712, 1, 40, '2025-04-26', 40, 0),
(712, 1, 40, '2025-04-27', 40, 0),
(712, 1, 40, '2025-04-28', 40, 0),
(712, 1, 40, '2025-04-29', 40, 0),
(712, 1, 40, '2025-04-30', 40, 0),
(712, 1, 40, '2025-05-01', 40, 0),
(712, 1, 40, '2025-05-02', 40, 0),
(712, 1, 40, '2025-05-03', 40, 0),
(712, 1, 40, '2025-05-04', 40, 0),
(712, 1, 40, '2025-05-05', 40, 0),
(712, 1, 40, '2025-05-06', 40, 0),
(712, 1, 40, '2025-05-07', 40, 0),
(712, 1, 40, '2025-05-08', 40, 0),
(712, 1, 40, '2025-05-09', 40, 0),
(712, 1, 40, '2025-05-10', 40, 0),
(712, 1, 40, '2025-05-11', 40, 0),
(712, 1, 40, '2025-05-12', 40, 0),
(712, 1, 40, '2025-05-13', 40, 0),
(712, 2, 40, '2025-04-14', 40, 0),
(712, 2, 40, '2025-04-15', 40, 0),
(712, 2, 40, '2025-04-16', 40, 0),
(712, 2, 40, '2025-04-17', 40, 0),
(712, 2, 40, '2025-04-18', 40, 0),
(712, 2, 40, '2025-04-19', 40, 0),
(712, 2, 40, '2025-04-20', 40, 0),
(712, 2, 40, '2025-04-21', 40, 0),
(712, 2, 40, '2025-04-22', 40, 0),
(712, 2, 40, '2025-04-23', 40, 0),
(712, 2, 40, '2025-04-24', 40, 0),
(712, 2, 40, '2025-04-25', 40, 0),
(712, 2, 40, '2025-04-26', 40, 0),
(712, 2, 40, '2025-04-27', 40, 0),
(712, 2, 40, '2025-04-28', 40, 0),
(712, 2, 40, '2025-04-29', 40, 0),
(712, 2, 40, '2025-04-30', 40, 0),
(712, 2, 40, '2025-05-01', 40, 0),
(712, 2, 40, '2025-05-02', 40, 0),
(712, 2, 40, '2025-05-03', 40, 0),
(712, 2, 40, '2025-05-04', 40, 0);
INSERT INTO `seat_availability` (`train_code`, `carriage_id`, `available_seat`, `journey_date`, `total_seats`, `reserved_seats`) VALUES
(712, 2, 40, '2025-05-05', 40, 0),
(712, 2, 40, '2025-05-06', 40, 0),
(712, 2, 40, '2025-05-07', 40, 0),
(712, 2, 40, '2025-05-08', 40, 0),
(712, 2, 40, '2025-05-09', 40, 0),
(712, 2, 40, '2025-05-10', 40, 0),
(712, 2, 40, '2025-05-11', 40, 0),
(712, 2, 40, '2025-05-12', 40, 0),
(712, 2, 40, '2025-05-13', 40, 0),
(712, 3, 40, '2025-04-14', 40, 0),
(712, 3, 40, '2025-04-15', 40, 0),
(712, 3, 40, '2025-04-16', 40, 0),
(712, 3, 40, '2025-04-17', 40, 0),
(712, 3, 40, '2025-04-18', 40, 0),
(712, 3, 40, '2025-04-19', 40, 0),
(712, 3, 40, '2025-04-20', 40, 0),
(712, 3, 40, '2025-04-21', 40, 0),
(712, 3, 40, '2025-04-22', 40, 0),
(712, 3, 40, '2025-04-23', 40, 0),
(712, 3, 40, '2025-04-24', 40, 0),
(712, 3, 40, '2025-04-25', 40, 0),
(712, 3, 40, '2025-04-26', 40, 0),
(712, 3, 40, '2025-04-27', 40, 0),
(712, 3, 40, '2025-04-28', 40, 0),
(712, 3, 40, '2025-04-29', 40, 0),
(712, 3, 40, '2025-04-30', 40, 0),
(712, 3, 40, '2025-05-01', 40, 0),
(712, 3, 40, '2025-05-02', 40, 0),
(712, 3, 40, '2025-05-03', 40, 0),
(712, 3, 40, '2025-05-04', 40, 0),
(712, 3, 40, '2025-05-05', 40, 0),
(712, 3, 40, '2025-05-06', 40, 0),
(712, 3, 40, '2025-05-07', 40, 0),
(712, 3, 40, '2025-05-08', 40, 0),
(712, 3, 40, '2025-05-09', 40, 0),
(712, 3, 40, '2025-05-10', 40, 0),
(712, 3, 40, '2025-05-11', 40, 0),
(712, 3, 40, '2025-05-12', 40, 0),
(712, 3, 40, '2025-05-13', 40, 0),
(712, 4, 40, '2025-04-14', 40, 0),
(712, 4, 40, '2025-04-15', 40, 0),
(712, 4, 40, '2025-04-16', 40, 0),
(712, 4, 40, '2025-04-17', 40, 0),
(712, 4, 40, '2025-04-18', 40, 0),
(712, 4, 40, '2025-04-19', 40, 0),
(712, 4, 40, '2025-04-20', 40, 0),
(712, 4, 40, '2025-04-21', 40, 0),
(712, 4, 40, '2025-04-22', 40, 0),
(712, 4, 40, '2025-04-23', 40, 0),
(712, 4, 40, '2025-04-24', 40, 0),
(712, 4, 40, '2025-04-25', 40, 0),
(712, 4, 40, '2025-04-26', 40, 0),
(712, 4, 40, '2025-04-27', 40, 0),
(712, 4, 40, '2025-04-28', 40, 0),
(712, 4, 40, '2025-04-29', 40, 0),
(712, 4, 40, '2025-04-30', 40, 0),
(712, 4, 40, '2025-05-01', 40, 0),
(712, 4, 40, '2025-05-02', 40, 0),
(712, 4, 40, '2025-05-03', 40, 0),
(712, 4, 40, '2025-05-04', 40, 0),
(712, 4, 40, '2025-05-05', 40, 0),
(712, 4, 40, '2025-05-06', 40, 0),
(712, 4, 40, '2025-05-07', 40, 0),
(712, 4, 40, '2025-05-08', 40, 0),
(712, 4, 40, '2025-05-09', 40, 0),
(712, 4, 40, '2025-05-10', 40, 0),
(712, 4, 40, '2025-05-11', 40, 0),
(712, 4, 40, '2025-05-12', 40, 0),
(712, 4, 40, '2025-05-13', 40, 0),
(712, 5, 40, '2025-04-14', 40, 0),
(712, 5, 40, '2025-04-15', 40, 0),
(712, 5, 40, '2025-04-16', 40, 0),
(712, 5, 40, '2025-04-17', 40, 0),
(712, 5, 40, '2025-04-18', 40, 0),
(712, 5, 40, '2025-04-19', 40, 0),
(712, 5, 40, '2025-04-20', 40, 0),
(712, 5, 40, '2025-04-21', 40, 0),
(712, 5, 40, '2025-04-22', 40, 0),
(712, 5, 40, '2025-04-23', 40, 0),
(712, 5, 40, '2025-04-24', 40, 0),
(712, 5, 40, '2025-04-25', 40, 0),
(712, 5, 40, '2025-04-26', 40, 0),
(712, 5, 40, '2025-04-27', 40, 0),
(712, 5, 40, '2025-04-28', 40, 0),
(712, 5, 40, '2025-04-29', 40, 0),
(712, 5, 40, '2025-04-30', 40, 0),
(712, 5, 40, '2025-05-01', 40, 0),
(712, 5, 40, '2025-05-02', 40, 0),
(712, 5, 40, '2025-05-03', 40, 0),
(712, 5, 40, '2025-05-04', 40, 0),
(712, 5, 40, '2025-05-05', 40, 0),
(712, 5, 40, '2025-05-06', 40, 0),
(712, 5, 40, '2025-05-07', 40, 0),
(712, 5, 40, '2025-05-08', 40, 0),
(712, 5, 40, '2025-05-09', 40, 0),
(712, 5, 40, '2025-05-10', 40, 0),
(712, 5, 40, '2025-05-11', 40, 0),
(712, 5, 40, '2025-05-12', 40, 0),
(712, 5, 40, '2025-05-13', 40, 0),
(712, 6, 40, '2025-04-14', 40, 0),
(712, 6, 40, '2025-04-15', 40, 0),
(712, 6, 40, '2025-04-16', 40, 0),
(712, 6, 40, '2025-04-17', 40, 0),
(712, 6, 40, '2025-04-18', 40, 0),
(712, 6, 40, '2025-04-19', 40, 0),
(712, 6, 40, '2025-04-20', 40, 0),
(712, 6, 40, '2025-04-21', 40, 0),
(712, 6, 40, '2025-04-22', 40, 0),
(712, 6, 40, '2025-04-23', 40, 0),
(712, 6, 40, '2025-04-24', 40, 0),
(712, 6, 40, '2025-04-25', 40, 0),
(712, 6, 40, '2025-04-26', 40, 0),
(712, 6, 40, '2025-04-27', 40, 0),
(712, 6, 40, '2025-04-28', 40, 0),
(712, 6, 40, '2025-04-29', 40, 0),
(712, 6, 40, '2025-04-30', 40, 0),
(712, 6, 40, '2025-05-01', 40, 0),
(712, 6, 40, '2025-05-02', 40, 0),
(712, 6, 40, '2025-05-03', 40, 0),
(712, 6, 40, '2025-05-04', 40, 0),
(712, 6, 40, '2025-05-05', 40, 0),
(712, 6, 40, '2025-05-06', 40, 0),
(712, 6, 40, '2025-05-07', 40, 0),
(712, 6, 40, '2025-05-08', 40, 0),
(712, 6, 40, '2025-05-09', 40, 0),
(712, 6, 40, '2025-05-10', 40, 0),
(712, 6, 40, '2025-05-11', 40, 0),
(712, 6, 40, '2025-05-12', 40, 0),
(712, 6, 40, '2025-05-13', 40, 0),
(712, 7, 40, '2025-04-14', 40, 0),
(712, 7, 40, '2025-04-15', 40, 0),
(712, 7, 40, '2025-04-16', 40, 0),
(712, 7, 40, '2025-04-17', 40, 0),
(712, 7, 40, '2025-04-18', 40, 0),
(712, 7, 40, '2025-04-19', 40, 0),
(712, 7, 40, '2025-04-20', 40, 0),
(712, 7, 40, '2025-04-21', 40, 0),
(712, 7, 40, '2025-04-22', 40, 0),
(712, 7, 40, '2025-04-23', 40, 0),
(712, 7, 40, '2025-04-24', 40, 0),
(712, 7, 40, '2025-04-25', 40, 0),
(712, 7, 40, '2025-04-26', 40, 0),
(712, 7, 40, '2025-04-27', 40, 0),
(712, 7, 40, '2025-04-28', 40, 0),
(712, 7, 40, '2025-04-29', 40, 0),
(712, 7, 40, '2025-04-30', 40, 0),
(712, 7, 40, '2025-05-01', 40, 0),
(712, 7, 40, '2025-05-02', 40, 0),
(712, 7, 40, '2025-05-03', 40, 0),
(712, 7, 40, '2025-05-04', 40, 0),
(712, 7, 40, '2025-05-05', 40, 0),
(712, 7, 40, '2025-05-06', 40, 0),
(712, 7, 40, '2025-05-07', 40, 0),
(712, 7, 40, '2025-05-08', 40, 0),
(712, 7, 40, '2025-05-09', 40, 0),
(712, 7, 40, '2025-05-10', 40, 0),
(712, 7, 40, '2025-05-11', 40, 0),
(712, 7, 40, '2025-05-12', 40, 0),
(712, 7, 40, '2025-05-13', 40, 0),
(712, 8, 40, '2025-04-14', 40, 0),
(712, 8, 40, '2025-04-15', 40, 0),
(712, 8, 40, '2025-04-16', 40, 0),
(712, 8, 40, '2025-04-17', 40, 0),
(712, 8, 40, '2025-04-18', 40, 0),
(712, 8, 40, '2025-04-19', 40, 0),
(712, 8, 40, '2025-04-20', 40, 0),
(712, 8, 40, '2025-04-21', 40, 0),
(712, 8, 40, '2025-04-22', 40, 0),
(712, 8, 40, '2025-04-23', 40, 0),
(712, 8, 40, '2025-04-24', 40, 0),
(712, 8, 40, '2025-04-25', 40, 0),
(712, 8, 40, '2025-04-26', 40, 0),
(712, 8, 40, '2025-04-27', 40, 0),
(712, 8, 40, '2025-04-28', 40, 0),
(712, 8, 40, '2025-04-29', 40, 0),
(712, 8, 40, '2025-04-30', 40, 0),
(712, 8, 40, '2025-05-01', 40, 0),
(712, 8, 40, '2025-05-02', 40, 0),
(712, 8, 40, '2025-05-03', 40, 0),
(712, 8, 40, '2025-05-04', 40, 0),
(712, 8, 40, '2025-05-05', 40, 0),
(712, 8, 40, '2025-05-06', 40, 0),
(712, 8, 40, '2025-05-07', 40, 0),
(712, 8, 40, '2025-05-08', 40, 0),
(712, 8, 40, '2025-05-09', 40, 0),
(712, 8, 40, '2025-05-10', 40, 0),
(712, 8, 40, '2025-05-11', 40, 0),
(712, 8, 40, '2025-05-12', 40, 0),
(712, 8, 40, '2025-05-13', 40, 0),
(712, 9, 40, '2025-04-14', 40, 0),
(712, 9, 40, '2025-04-15', 40, 0),
(712, 9, 40, '2025-04-16', 40, 0),
(712, 9, 40, '2025-04-17', 40, 0),
(712, 9, 40, '2025-04-18', 40, 0),
(712, 9, 40, '2025-04-19', 40, 0),
(712, 9, 40, '2025-04-20', 40, 0),
(712, 9, 40, '2025-04-21', 40, 0),
(712, 9, 40, '2025-04-22', 40, 0),
(712, 9, 40, '2025-04-23', 40, 0),
(712, 9, 40, '2025-04-24', 40, 0),
(712, 9, 40, '2025-04-25', 40, 0),
(712, 9, 40, '2025-04-26', 40, 0),
(712, 9, 40, '2025-04-27', 40, 0),
(712, 9, 40, '2025-04-28', 40, 0),
(712, 9, 40, '2025-04-29', 40, 0),
(712, 9, 40, '2025-04-30', 40, 0),
(712, 9, 40, '2025-05-01', 40, 0),
(712, 9, 40, '2025-05-02', 40, 0),
(712, 9, 40, '2025-05-03', 40, 0),
(712, 9, 40, '2025-05-04', 40, 0),
(712, 9, 40, '2025-05-05', 40, 0),
(712, 9, 40, '2025-05-06', 40, 0),
(712, 9, 40, '2025-05-07', 40, 0),
(712, 9, 40, '2025-05-08', 40, 0),
(712, 9, 40, '2025-05-09', 40, 0),
(712, 9, 40, '2025-05-10', 40, 0),
(712, 9, 40, '2025-05-11', 40, 0),
(712, 9, 40, '2025-05-12', 40, 0),
(712, 9, 40, '2025-05-13', 40, 0),
(713, 1, 40, '2025-04-14', 40, 0),
(713, 1, 40, '2025-04-15', 40, 0),
(713, 1, 40, '2025-04-16', 40, 0),
(713, 1, 40, '2025-04-17', 40, 0),
(713, 1, 40, '2025-04-18', 40, 0),
(713, 1, 40, '2025-04-19', 40, 0),
(713, 1, 40, '2025-04-20', 40, 0),
(713, 1, 40, '2025-04-21', 40, 0),
(713, 1, 40, '2025-04-22', 40, 0),
(713, 1, 40, '2025-04-23', 40, 0),
(713, 1, 40, '2025-04-24', 40, 0),
(713, 1, 40, '2025-04-25', 40, 0),
(713, 1, 40, '2025-04-26', 40, 0),
(713, 1, 40, '2025-04-27', 40, 0),
(713, 1, 40, '2025-04-28', 40, 0),
(713, 1, 40, '2025-04-29', 40, 0),
(713, 1, 40, '2025-04-30', 40, 0),
(713, 1, 40, '2025-05-01', 40, 0),
(713, 1, 40, '2025-05-02', 40, 0),
(713, 1, 40, '2025-05-03', 40, 0),
(713, 1, 40, '2025-05-04', 40, 0),
(713, 1, 40, '2025-05-05', 40, 0),
(713, 1, 40, '2025-05-06', 40, 0),
(713, 1, 40, '2025-05-07', 40, 0),
(713, 1, 40, '2025-05-08', 40, 0),
(713, 1, 40, '2025-05-09', 40, 0),
(713, 1, 40, '2025-05-10', 40, 0),
(713, 1, 40, '2025-05-11', 40, 0),
(713, 1, 40, '2025-05-12', 40, 0),
(713, 1, 40, '2025-05-13', 40, 0),
(713, 2, 40, '2025-04-14', 40, 0),
(713, 2, 40, '2025-04-15', 40, 0),
(713, 2, 40, '2025-04-16', 40, 0),
(713, 2, 40, '2025-04-17', 40, 0),
(713, 2, 40, '2025-04-18', 40, 0),
(713, 2, 40, '2025-04-19', 40, 0),
(713, 2, 40, '2025-04-20', 40, 0),
(713, 2, 40, '2025-04-21', 40, 0),
(713, 2, 40, '2025-04-22', 40, 0),
(713, 2, 40, '2025-04-23', 40, 0),
(713, 2, 40, '2025-04-24', 40, 0),
(713, 2, 40, '2025-04-25', 40, 0),
(713, 2, 40, '2025-04-26', 40, 0),
(713, 2, 40, '2025-04-27', 40, 0),
(713, 2, 40, '2025-04-28', 40, 0),
(713, 2, 40, '2025-04-29', 40, 0),
(713, 2, 40, '2025-04-30', 40, 0),
(713, 2, 40, '2025-05-01', 40, 0),
(713, 2, 40, '2025-05-02', 40, 0),
(713, 2, 40, '2025-05-03', 40, 0),
(713, 2, 40, '2025-05-04', 40, 0),
(713, 2, 40, '2025-05-05', 40, 0),
(713, 2, 40, '2025-05-06', 40, 0),
(713, 2, 40, '2025-05-07', 40, 0),
(713, 2, 40, '2025-05-08', 40, 0),
(713, 2, 40, '2025-05-09', 40, 0),
(713, 2, 40, '2025-05-10', 40, 0),
(713, 2, 40, '2025-05-11', 40, 0),
(713, 2, 40, '2025-05-12', 40, 0),
(713, 2, 40, '2025-05-13', 40, 0),
(713, 3, 40, '2025-04-14', 40, 0),
(713, 3, 40, '2025-04-15', 40, 0),
(713, 3, 40, '2025-04-16', 40, 0),
(713, 3, 40, '2025-04-17', 40, 0),
(713, 3, 40, '2025-04-18', 40, 0),
(713, 3, 40, '2025-04-19', 40, 0),
(713, 3, 40, '2025-04-20', 40, 0),
(713, 3, 40, '2025-04-21', 40, 0),
(713, 3, 40, '2025-04-22', 40, 0),
(713, 3, 40, '2025-04-23', 40, 0),
(713, 3, 40, '2025-04-24', 40, 0),
(713, 3, 40, '2025-04-25', 40, 0),
(713, 3, 40, '2025-04-26', 40, 0),
(713, 3, 40, '2025-04-27', 40, 0),
(713, 3, 40, '2025-04-28', 40, 0),
(713, 3, 40, '2025-04-29', 40, 0),
(713, 3, 40, '2025-04-30', 40, 0),
(713, 3, 40, '2025-05-01', 40, 0),
(713, 3, 40, '2025-05-02', 40, 0),
(713, 3, 40, '2025-05-03', 40, 0),
(713, 3, 40, '2025-05-04', 40, 0),
(713, 3, 40, '2025-05-05', 40, 0),
(713, 3, 40, '2025-05-06', 40, 0),
(713, 3, 40, '2025-05-07', 40, 0),
(713, 3, 40, '2025-05-08', 40, 0),
(713, 3, 40, '2025-05-09', 40, 0),
(713, 3, 40, '2025-05-10', 40, 0),
(713, 3, 40, '2025-05-11', 40, 0),
(713, 3, 40, '2025-05-12', 40, 0),
(713, 3, 40, '2025-05-13', 40, 0),
(713, 4, 40, '2025-04-14', 40, 0),
(713, 4, 40, '2025-04-15', 40, 0),
(713, 4, 40, '2025-04-16', 40, 0),
(713, 4, 40, '2025-04-17', 40, 0),
(713, 4, 40, '2025-04-18', 40, 0),
(713, 4, 40, '2025-04-19', 40, 0),
(713, 4, 40, '2025-04-20', 40, 0),
(713, 4, 40, '2025-04-21', 40, 0),
(713, 4, 40, '2025-04-22', 40, 0),
(713, 4, 40, '2025-04-23', 40, 0),
(713, 4, 40, '2025-04-24', 40, 0),
(713, 4, 40, '2025-04-25', 40, 0),
(713, 4, 40, '2025-04-26', 40, 0),
(713, 4, 40, '2025-04-27', 40, 0),
(713, 4, 40, '2025-04-28', 40, 0),
(713, 4, 40, '2025-04-29', 40, 0),
(713, 4, 40, '2025-04-30', 40, 0),
(713, 4, 40, '2025-05-01', 40, 0),
(713, 4, 40, '2025-05-02', 40, 0),
(713, 4, 40, '2025-05-03', 40, 0),
(713, 4, 40, '2025-05-04', 40, 0),
(713, 4, 40, '2025-05-05', 40, 0),
(713, 4, 40, '2025-05-06', 40, 0),
(713, 4, 40, '2025-05-07', 40, 0),
(713, 4, 40, '2025-05-08', 40, 0),
(713, 4, 40, '2025-05-09', 40, 0),
(713, 4, 40, '2025-05-10', 40, 0),
(713, 4, 40, '2025-05-11', 40, 0),
(713, 4, 40, '2025-05-12', 40, 0),
(713, 4, 40, '2025-05-13', 40, 0),
(713, 5, 40, '2025-04-14', 40, 0),
(713, 5, 40, '2025-04-15', 40, 0),
(713, 5, 40, '2025-04-16', 40, 0),
(713, 5, 40, '2025-04-17', 40, 0),
(713, 5, 40, '2025-04-18', 40, 0),
(713, 5, 40, '2025-04-19', 40, 0),
(713, 5, 40, '2025-04-20', 40, 0),
(713, 5, 40, '2025-04-21', 40, 0),
(713, 5, 40, '2025-04-22', 40, 0),
(713, 5, 40, '2025-04-23', 40, 0),
(713, 5, 40, '2025-04-24', 40, 0),
(713, 5, 40, '2025-04-25', 40, 0),
(713, 5, 40, '2025-04-26', 40, 0),
(713, 5, 40, '2025-04-27', 40, 0),
(713, 5, 40, '2025-04-28', 40, 0),
(713, 5, 40, '2025-04-29', 40, 0),
(713, 5, 40, '2025-04-30', 40, 0),
(713, 5, 40, '2025-05-01', 40, 0),
(713, 5, 40, '2025-05-02', 40, 0),
(713, 5, 40, '2025-05-03', 40, 0),
(713, 5, 40, '2025-05-04', 40, 0),
(713, 5, 40, '2025-05-05', 40, 0),
(713, 5, 40, '2025-05-06', 40, 0),
(713, 5, 40, '2025-05-07', 40, 0),
(713, 5, 40, '2025-05-08', 40, 0),
(713, 5, 40, '2025-05-09', 40, 0),
(713, 5, 40, '2025-05-10', 40, 0),
(713, 5, 40, '2025-05-11', 40, 0),
(713, 5, 40, '2025-05-12', 40, 0),
(713, 5, 40, '2025-05-13', 40, 0),
(713, 6, 40, '2025-04-14', 40, 0),
(713, 6, 40, '2025-04-15', 40, 0),
(713, 6, 40, '2025-04-16', 40, 0),
(713, 6, 40, '2025-04-17', 40, 0),
(713, 6, 40, '2025-04-18', 40, 0),
(713, 6, 40, '2025-04-19', 40, 0),
(713, 6, 40, '2025-04-20', 40, 0),
(713, 6, 40, '2025-04-21', 40, 0),
(713, 6, 40, '2025-04-22', 40, 0),
(713, 6, 40, '2025-04-23', 40, 0),
(713, 6, 40, '2025-04-24', 40, 0),
(713, 6, 40, '2025-04-25', 40, 0),
(713, 6, 40, '2025-04-26', 40, 0),
(713, 6, 40, '2025-04-27', 40, 0),
(713, 6, 40, '2025-04-28', 40, 0),
(713, 6, 40, '2025-04-29', 40, 0),
(713, 6, 40, '2025-04-30', 40, 0),
(713, 6, 40, '2025-05-01', 40, 0),
(713, 6, 40, '2025-05-02', 40, 0),
(713, 6, 40, '2025-05-03', 40, 0),
(713, 6, 40, '2025-05-04', 40, 0),
(713, 6, 40, '2025-05-05', 40, 0),
(713, 6, 40, '2025-05-06', 40, 0),
(713, 6, 40, '2025-05-07', 40, 0),
(713, 6, 40, '2025-05-08', 40, 0),
(713, 6, 40, '2025-05-09', 40, 0),
(713, 6, 40, '2025-05-10', 40, 0),
(713, 6, 40, '2025-05-11', 40, 0),
(713, 6, 40, '2025-05-12', 40, 0),
(713, 6, 40, '2025-05-13', 40, 0),
(713, 7, 40, '2025-04-14', 40, 0),
(713, 7, 40, '2025-04-15', 40, 0),
(713, 7, 40, '2025-04-16', 40, 0),
(713, 7, 40, '2025-04-17', 40, 0),
(713, 7, 40, '2025-04-18', 40, 0),
(713, 7, 40, '2025-04-19', 40, 0),
(713, 7, 40, '2025-04-20', 40, 0),
(713, 7, 40, '2025-04-21', 40, 0),
(713, 7, 40, '2025-04-22', 40, 0),
(713, 7, 40, '2025-04-23', 40, 0),
(713, 7, 40, '2025-04-24', 40, 0),
(713, 7, 40, '2025-04-25', 40, 0),
(713, 7, 40, '2025-04-26', 40, 0),
(713, 7, 40, '2025-04-27', 40, 0),
(713, 7, 40, '2025-04-28', 40, 0),
(713, 7, 40, '2025-04-29', 40, 0),
(713, 7, 40, '2025-04-30', 40, 0),
(713, 7, 40, '2025-05-01', 40, 0),
(713, 7, 40, '2025-05-02', 40, 0),
(713, 7, 40, '2025-05-03', 40, 0),
(713, 7, 40, '2025-05-04', 40, 0),
(713, 7, 40, '2025-05-05', 40, 0),
(713, 7, 40, '2025-05-06', 40, 0),
(713, 7, 40, '2025-05-07', 40, 0),
(713, 7, 40, '2025-05-08', 40, 0),
(713, 7, 40, '2025-05-09', 40, 0),
(713, 7, 40, '2025-05-10', 40, 0),
(713, 7, 40, '2025-05-11', 40, 0),
(713, 7, 40, '2025-05-12', 40, 0),
(713, 7, 40, '2025-05-13', 40, 0),
(713, 8, 40, '2025-04-14', 40, 0),
(713, 8, 40, '2025-04-15', 40, 0),
(713, 8, 40, '2025-04-16', 40, 0),
(713, 8, 40, '2025-04-17', 40, 0),
(713, 8, 40, '2025-04-18', 40, 0),
(713, 8, 40, '2025-04-19', 40, 0),
(713, 8, 40, '2025-04-20', 40, 0),
(713, 8, 40, '2025-04-21', 40, 0),
(713, 8, 40, '2025-04-22', 40, 0),
(713, 8, 40, '2025-04-23', 40, 0),
(713, 8, 40, '2025-04-24', 40, 0),
(713, 8, 40, '2025-04-25', 40, 0),
(713, 8, 40, '2025-04-26', 40, 0),
(713, 8, 40, '2025-04-27', 40, 0),
(713, 8, 40, '2025-04-28', 40, 0),
(713, 8, 40, '2025-04-29', 40, 0),
(713, 8, 40, '2025-04-30', 40, 0),
(713, 8, 40, '2025-05-01', 40, 0),
(713, 8, 40, '2025-05-02', 40, 0),
(713, 8, 40, '2025-05-03', 40, 0),
(713, 8, 40, '2025-05-04', 40, 0),
(713, 8, 40, '2025-05-05', 40, 0),
(713, 8, 40, '2025-05-06', 40, 0),
(713, 8, 40, '2025-05-07', 40, 0),
(713, 8, 40, '2025-05-08', 40, 0),
(713, 8, 40, '2025-05-09', 40, 0),
(713, 8, 40, '2025-05-10', 40, 0),
(713, 8, 40, '2025-05-11', 40, 0),
(713, 8, 40, '2025-05-12', 40, 0),
(713, 8, 40, '2025-05-13', 40, 0),
(713, 9, 40, '2025-04-14', 40, 0),
(713, 9, 40, '2025-04-15', 40, 0),
(713, 9, 40, '2025-04-16', 40, 0),
(713, 9, 40, '2025-04-17', 40, 0),
(713, 9, 40, '2025-04-18', 40, 0),
(713, 9, 40, '2025-04-19', 40, 0),
(713, 9, 40, '2025-04-20', 40, 0),
(713, 9, 40, '2025-04-21', 40, 0),
(713, 9, 40, '2025-04-22', 40, 0),
(713, 9, 40, '2025-04-23', 40, 0),
(713, 9, 40, '2025-04-24', 40, 0),
(713, 9, 40, '2025-04-25', 40, 0),
(713, 9, 40, '2025-04-26', 40, 0),
(713, 9, 40, '2025-04-27', 40, 0),
(713, 9, 40, '2025-04-28', 40, 0),
(713, 9, 40, '2025-04-29', 40, 0),
(713, 9, 40, '2025-04-30', 40, 0),
(713, 9, 40, '2025-05-01', 40, 0),
(713, 9, 40, '2025-05-02', 40, 0),
(713, 9, 40, '2025-05-03', 40, 0),
(713, 9, 40, '2025-05-04', 40, 0),
(713, 9, 40, '2025-05-05', 40, 0),
(713, 9, 40, '2025-05-06', 40, 0),
(713, 9, 40, '2025-05-07', 40, 0),
(713, 9, 40, '2025-05-08', 40, 0),
(713, 9, 40, '2025-05-09', 40, 0),
(713, 9, 40, '2025-05-10', 40, 0),
(713, 9, 40, '2025-05-11', 40, 0),
(713, 9, 40, '2025-05-12', 40, 0),
(713, 9, 40, '2025-05-13', 40, 0),
(714, 1, 40, '2025-04-14', 40, 0),
(714, 1, 40, '2025-04-15', 40, 0),
(714, 1, 40, '2025-04-16', 40, 0),
(714, 1, 40, '2025-04-17', 40, 0),
(714, 1, 40, '2025-04-18', 40, 0),
(714, 1, 40, '2025-04-19', 40, 0),
(714, 1, 40, '2025-04-20', 40, 0),
(714, 1, 40, '2025-04-21', 40, 0),
(714, 1, 40, '2025-04-22', 40, 0),
(714, 1, 40, '2025-04-23', 40, 0),
(714, 1, 40, '2025-04-24', 40, 0),
(714, 1, 40, '2025-04-25', 40, 0),
(714, 1, 40, '2025-04-26', 40, 0),
(714, 1, 40, '2025-04-27', 40, 0),
(714, 1, 40, '2025-04-28', 40, 0),
(714, 1, 40, '2025-04-29', 40, 0),
(714, 1, 40, '2025-04-30', 40, 0),
(714, 1, 40, '2025-05-01', 40, 0),
(714, 1, 40, '2025-05-02', 40, 0),
(714, 1, 40, '2025-05-03', 40, 0),
(714, 1, 40, '2025-05-04', 40, 0),
(714, 1, 40, '2025-05-05', 40, 0),
(714, 1, 40, '2025-05-06', 40, 0),
(714, 1, 40, '2025-05-07', 40, 0),
(714, 1, 40, '2025-05-08', 40, 0),
(714, 1, 40, '2025-05-09', 40, 0),
(714, 1, 40, '2025-05-10', 40, 0),
(714, 1, 40, '2025-05-11', 40, 0),
(714, 1, 40, '2025-05-12', 40, 0),
(714, 1, 40, '2025-05-13', 40, 0),
(714, 2, 40, '2025-04-14', 40, 0),
(714, 2, 40, '2025-04-15', 40, 0),
(714, 2, 40, '2025-04-16', 40, 0),
(714, 2, 40, '2025-04-17', 40, 0),
(714, 2, 40, '2025-04-18', 40, 0),
(714, 2, 40, '2025-04-19', 40, 0),
(714, 2, 40, '2025-04-20', 40, 0),
(714, 2, 40, '2025-04-21', 40, 0),
(714, 2, 40, '2025-04-22', 40, 0),
(714, 2, 40, '2025-04-23', 40, 0),
(714, 2, 40, '2025-04-24', 40, 0),
(714, 2, 40, '2025-04-25', 40, 0),
(714, 2, 40, '2025-04-26', 40, 0),
(714, 2, 40, '2025-04-27', 40, 0),
(714, 2, 40, '2025-04-28', 40, 0),
(714, 2, 40, '2025-04-29', 40, 0),
(714, 2, 40, '2025-04-30', 40, 0),
(714, 2, 40, '2025-05-01', 40, 0),
(714, 2, 40, '2025-05-02', 40, 0),
(714, 2, 40, '2025-05-03', 40, 0),
(714, 2, 40, '2025-05-04', 40, 0),
(714, 2, 40, '2025-05-05', 40, 0),
(714, 2, 40, '2025-05-06', 40, 0),
(714, 2, 40, '2025-05-07', 40, 0),
(714, 2, 40, '2025-05-08', 40, 0),
(714, 2, 40, '2025-05-09', 40, 0),
(714, 2, 40, '2025-05-10', 40, 0),
(714, 2, 40, '2025-05-11', 40, 0),
(714, 2, 40, '2025-05-12', 40, 0),
(714, 2, 40, '2025-05-13', 40, 0),
(714, 3, 40, '2025-04-14', 40, 0),
(714, 3, 40, '2025-04-15', 40, 0),
(714, 3, 40, '2025-04-16', 40, 0),
(714, 3, 40, '2025-04-17', 40, 0),
(714, 3, 40, '2025-04-18', 40, 0),
(714, 3, 40, '2025-04-19', 40, 0),
(714, 3, 40, '2025-04-20', 40, 0),
(714, 3, 40, '2025-04-21', 40, 0),
(714, 3, 40, '2025-04-22', 40, 0),
(714, 3, 40, '2025-04-23', 40, 0),
(714, 3, 40, '2025-04-24', 40, 0),
(714, 3, 40, '2025-04-25', 40, 0),
(714, 3, 40, '2025-04-26', 40, 0),
(714, 3, 40, '2025-04-27', 40, 0),
(714, 3, 40, '2025-04-28', 40, 0),
(714, 3, 40, '2025-04-29', 40, 0),
(714, 3, 40, '2025-04-30', 40, 0),
(714, 3, 40, '2025-05-01', 40, 0),
(714, 3, 40, '2025-05-02', 40, 0),
(714, 3, 40, '2025-05-03', 40, 0),
(714, 3, 40, '2025-05-04', 40, 0),
(714, 3, 40, '2025-05-05', 40, 0),
(714, 3, 40, '2025-05-06', 40, 0),
(714, 3, 40, '2025-05-07', 40, 0),
(714, 3, 40, '2025-05-08', 40, 0),
(714, 3, 40, '2025-05-09', 40, 0),
(714, 3, 40, '2025-05-10', 40, 0),
(714, 3, 40, '2025-05-11', 40, 0),
(714, 3, 40, '2025-05-12', 40, 0),
(714, 3, 40, '2025-05-13', 40, 0),
(714, 4, 40, '2025-04-14', 40, 0),
(714, 4, 40, '2025-04-15', 40, 0),
(714, 4, 40, '2025-04-16', 40, 0),
(714, 4, 40, '2025-04-17', 40, 0),
(714, 4, 40, '2025-04-18', 40, 0),
(714, 4, 40, '2025-04-19', 40, 0),
(714, 4, 40, '2025-04-20', 40, 0),
(714, 4, 40, '2025-04-21', 40, 0),
(714, 4, 40, '2025-04-22', 40, 0),
(714, 4, 40, '2025-04-23', 40, 0),
(714, 4, 40, '2025-04-24', 40, 0),
(714, 4, 40, '2025-04-25', 40, 0),
(714, 4, 40, '2025-04-26', 40, 0),
(714, 4, 40, '2025-04-27', 40, 0),
(714, 4, 40, '2025-04-28', 40, 0),
(714, 4, 40, '2025-04-29', 40, 0),
(714, 4, 40, '2025-04-30', 40, 0),
(714, 4, 40, '2025-05-01', 40, 0),
(714, 4, 40, '2025-05-02', 40, 0),
(714, 4, 40, '2025-05-03', 40, 0),
(714, 4, 40, '2025-05-04', 40, 0),
(714, 4, 40, '2025-05-05', 40, 0),
(714, 4, 40, '2025-05-06', 40, 0),
(714, 4, 40, '2025-05-07', 40, 0),
(714, 4, 40, '2025-05-08', 40, 0),
(714, 4, 40, '2025-05-09', 40, 0),
(714, 4, 40, '2025-05-10', 40, 0),
(714, 4, 40, '2025-05-11', 40, 0),
(714, 4, 40, '2025-05-12', 40, 0),
(714, 4, 40, '2025-05-13', 40, 0),
(714, 5, 40, '2025-04-14', 40, 0),
(714, 5, 40, '2025-04-15', 40, 0),
(714, 5, 40, '2025-04-16', 40, 0),
(714, 5, 40, '2025-04-17', 40, 0),
(714, 5, 40, '2025-04-18', 40, 0),
(714, 5, 40, '2025-04-19', 40, 0),
(714, 5, 40, '2025-04-20', 40, 0),
(714, 5, 40, '2025-04-21', 40, 0),
(714, 5, 40, '2025-04-22', 40, 0),
(714, 5, 40, '2025-04-23', 40, 0),
(714, 5, 40, '2025-04-24', 40, 0),
(714, 5, 40, '2025-04-25', 40, 0),
(714, 5, 40, '2025-04-26', 40, 0),
(714, 5, 40, '2025-04-27', 40, 0),
(714, 5, 40, '2025-04-28', 40, 0),
(714, 5, 40, '2025-04-29', 40, 0),
(714, 5, 40, '2025-04-30', 40, 0),
(714, 5, 40, '2025-05-01', 40, 0),
(714, 5, 40, '2025-05-02', 40, 0),
(714, 5, 40, '2025-05-03', 40, 0),
(714, 5, 40, '2025-05-04', 40, 0),
(714, 5, 40, '2025-05-05', 40, 0),
(714, 5, 40, '2025-05-06', 40, 0),
(714, 5, 40, '2025-05-07', 40, 0),
(714, 5, 40, '2025-05-08', 40, 0),
(714, 5, 40, '2025-05-09', 40, 0),
(714, 5, 40, '2025-05-10', 40, 0),
(714, 5, 40, '2025-05-11', 40, 0),
(714, 5, 40, '2025-05-12', 40, 0),
(714, 5, 40, '2025-05-13', 40, 0),
(714, 6, 40, '2025-04-14', 40, 0),
(714, 6, 40, '2025-04-15', 40, 0),
(714, 6, 40, '2025-04-16', 40, 0),
(714, 6, 40, '2025-04-17', 40, 0),
(714, 6, 40, '2025-04-18', 40, 0),
(714, 6, 40, '2025-04-19', 40, 0),
(714, 6, 40, '2025-04-20', 40, 0),
(714, 6, 40, '2025-04-21', 40, 0),
(714, 6, 40, '2025-04-22', 40, 0),
(714, 6, 40, '2025-04-23', 40, 0),
(714, 6, 40, '2025-04-24', 40, 0),
(714, 6, 40, '2025-04-25', 40, 0),
(714, 6, 40, '2025-04-26', 40, 0),
(714, 6, 40, '2025-04-27', 40, 0),
(714, 6, 40, '2025-04-28', 40, 0),
(714, 6, 40, '2025-04-29', 40, 0),
(714, 6, 40, '2025-04-30', 40, 0),
(714, 6, 40, '2025-05-01', 40, 0),
(714, 6, 40, '2025-05-02', 40, 0),
(714, 6, 40, '2025-05-03', 40, 0),
(714, 6, 40, '2025-05-04', 40, 0),
(714, 6, 40, '2025-05-05', 40, 0),
(714, 6, 40, '2025-05-06', 40, 0),
(714, 6, 40, '2025-05-07', 40, 0),
(714, 6, 40, '2025-05-08', 40, 0),
(714, 6, 40, '2025-05-09', 40, 0),
(714, 6, 40, '2025-05-10', 40, 0),
(714, 6, 40, '2025-05-11', 40, 0),
(714, 6, 40, '2025-05-12', 40, 0),
(714, 6, 40, '2025-05-13', 40, 0),
(714, 7, 40, '2025-04-14', 40, 0),
(714, 7, 40, '2025-04-15', 40, 0),
(714, 7, 40, '2025-04-16', 40, 0),
(714, 7, 40, '2025-04-17', 40, 0),
(714, 7, 40, '2025-04-18', 40, 0),
(714, 7, 40, '2025-04-19', 40, 0),
(714, 7, 40, '2025-04-20', 40, 0),
(714, 7, 40, '2025-04-21', 40, 0),
(714, 7, 40, '2025-04-22', 40, 0),
(714, 7, 40, '2025-04-23', 40, 0),
(714, 7, 40, '2025-04-24', 40, 0),
(714, 7, 40, '2025-04-25', 40, 0),
(714, 7, 40, '2025-04-26', 40, 0),
(714, 7, 40, '2025-04-27', 40, 0),
(714, 7, 40, '2025-04-28', 40, 0),
(714, 7, 40, '2025-04-29', 40, 0),
(714, 7, 40, '2025-04-30', 40, 0),
(714, 7, 40, '2025-05-01', 40, 0),
(714, 7, 40, '2025-05-02', 40, 0),
(714, 7, 40, '2025-05-03', 40, 0),
(714, 7, 40, '2025-05-04', 40, 0),
(714, 7, 40, '2025-05-05', 40, 0),
(714, 7, 40, '2025-05-06', 40, 0),
(714, 7, 40, '2025-05-07', 40, 0),
(714, 7, 40, '2025-05-08', 40, 0),
(714, 7, 40, '2025-05-09', 40, 0),
(714, 7, 40, '2025-05-10', 40, 0),
(714, 7, 40, '2025-05-11', 40, 0),
(714, 7, 40, '2025-05-12', 40, 0),
(714, 7, 40, '2025-05-13', 40, 0),
(714, 8, 40, '2025-04-14', 40, 0),
(714, 8, 40, '2025-04-15', 40, 0),
(714, 8, 40, '2025-04-16', 40, 0),
(714, 8, 40, '2025-04-17', 40, 0),
(714, 8, 40, '2025-04-18', 40, 0),
(714, 8, 40, '2025-04-19', 40, 0),
(714, 8, 40, '2025-04-20', 40, 0),
(714, 8, 40, '2025-04-21', 40, 0),
(714, 8, 40, '2025-04-22', 40, 0),
(714, 8, 40, '2025-04-23', 40, 0),
(714, 8, 40, '2025-04-24', 40, 0),
(714, 8, 40, '2025-04-25', 40, 0),
(714, 8, 40, '2025-04-26', 40, 0),
(714, 8, 40, '2025-04-27', 40, 0),
(714, 8, 40, '2025-04-28', 40, 0),
(714, 8, 40, '2025-04-29', 40, 0),
(714, 8, 40, '2025-04-30', 40, 0),
(714, 8, 40, '2025-05-01', 40, 0),
(714, 8, 40, '2025-05-02', 40, 0),
(714, 8, 40, '2025-05-03', 40, 0),
(714, 8, 40, '2025-05-04', 40, 0),
(714, 8, 40, '2025-05-05', 40, 0),
(714, 8, 40, '2025-05-06', 40, 0),
(714, 8, 40, '2025-05-07', 40, 0),
(714, 8, 40, '2025-05-08', 40, 0),
(714, 8, 40, '2025-05-09', 40, 0),
(714, 8, 40, '2025-05-10', 40, 0),
(714, 8, 40, '2025-05-11', 40, 0),
(714, 8, 40, '2025-05-12', 40, 0),
(714, 8, 40, '2025-05-13', 40, 0),
(714, 9, 40, '2025-04-14', 40, 0),
(714, 9, 40, '2025-04-15', 40, 0),
(714, 9, 40, '2025-04-16', 40, 0),
(714, 9, 40, '2025-04-17', 40, 0),
(714, 9, 40, '2025-04-18', 40, 0),
(714, 9, 40, '2025-04-19', 40, 0),
(714, 9, 40, '2025-04-20', 40, 0),
(714, 9, 40, '2025-04-21', 40, 0),
(714, 9, 40, '2025-04-22', 40, 0),
(714, 9, 40, '2025-04-23', 40, 0),
(714, 9, 40, '2025-04-24', 40, 0),
(714, 9, 40, '2025-04-25', 40, 0),
(714, 9, 40, '2025-04-26', 40, 0),
(714, 9, 40, '2025-04-27', 40, 0),
(714, 9, 40, '2025-04-28', 40, 0),
(714, 9, 40, '2025-04-29', 40, 0),
(714, 9, 40, '2025-04-30', 40, 0),
(714, 9, 40, '2025-05-01', 40, 0),
(714, 9, 40, '2025-05-02', 40, 0),
(714, 9, 40, '2025-05-03', 40, 0),
(714, 9, 40, '2025-05-04', 40, 0),
(714, 9, 40, '2025-05-05', 40, 0),
(714, 9, 40, '2025-05-06', 40, 0),
(714, 9, 40, '2025-05-07', 40, 0),
(714, 9, 40, '2025-05-08', 40, 0),
(714, 9, 40, '2025-05-09', 40, 0),
(714, 9, 40, '2025-05-10', 40, 0),
(714, 9, 40, '2025-05-11', 40, 0),
(714, 9, 40, '2025-05-12', 40, 0),
(714, 9, 40, '2025-05-13', 40, 0),
(715, 1, 40, '2025-04-14', 40, 0),
(715, 1, 40, '2025-04-15', 40, 0),
(715, 1, 40, '2025-04-16', 40, 0),
(715, 1, 40, '2025-04-17', 40, 0),
(715, 1, 40, '2025-04-18', 40, 0),
(715, 1, 40, '2025-04-19', 40, 0),
(715, 1, 40, '2025-04-20', 40, 0),
(715, 1, 40, '2025-04-21', 40, 0),
(715, 1, 40, '2025-04-22', 40, 0),
(715, 1, 40, '2025-04-23', 40, 0),
(715, 1, 40, '2025-04-24', 40, 0),
(715, 1, 40, '2025-04-25', 40, 0),
(715, 1, 40, '2025-04-26', 40, 0),
(715, 1, 40, '2025-04-27', 40, 0),
(715, 1, 40, '2025-04-28', 40, 0),
(715, 1, 40, '2025-04-29', 40, 0),
(715, 1, 40, '2025-04-30', 40, 0),
(715, 1, 40, '2025-05-01', 40, 0),
(715, 1, 40, '2025-05-02', 40, 0),
(715, 1, 40, '2025-05-03', 40, 0),
(715, 1, 40, '2025-05-04', 40, 0),
(715, 1, 40, '2025-05-05', 40, 0),
(715, 1, 40, '2025-05-06', 40, 0),
(715, 1, 40, '2025-05-07', 40, 0),
(715, 1, 40, '2025-05-08', 40, 0),
(715, 1, 40, '2025-05-09', 40, 0),
(715, 1, 40, '2025-05-10', 40, 0),
(715, 1, 40, '2025-05-11', 40, 0),
(715, 1, 40, '2025-05-12', 40, 0),
(715, 1, 40, '2025-05-13', 40, 0),
(715, 2, 40, '2025-04-14', 40, 0),
(715, 2, 40, '2025-04-15', 40, 0),
(715, 2, 40, '2025-04-16', 40, 0),
(715, 2, 40, '2025-04-17', 40, 0),
(715, 2, 40, '2025-04-18', 40, 0),
(715, 2, 40, '2025-04-19', 40, 0),
(715, 2, 40, '2025-04-20', 40, 0),
(715, 2, 40, '2025-04-21', 40, 0),
(715, 2, 40, '2025-04-22', 40, 0),
(715, 2, 40, '2025-04-23', 40, 0),
(715, 2, 40, '2025-04-24', 40, 0),
(715, 2, 40, '2025-04-25', 40, 0),
(715, 2, 40, '2025-04-26', 40, 0),
(715, 2, 40, '2025-04-27', 40, 0),
(715, 2, 40, '2025-04-28', 40, 0),
(715, 2, 40, '2025-04-29', 40, 0),
(715, 2, 40, '2025-04-30', 40, 0),
(715, 2, 40, '2025-05-01', 40, 0),
(715, 2, 40, '2025-05-02', 40, 0),
(715, 2, 40, '2025-05-03', 40, 0),
(715, 2, 40, '2025-05-04', 40, 0),
(715, 2, 40, '2025-05-05', 40, 0),
(715, 2, 40, '2025-05-06', 40, 0),
(715, 2, 40, '2025-05-07', 40, 0),
(715, 2, 40, '2025-05-08', 40, 0),
(715, 2, 40, '2025-05-09', 40, 0),
(715, 2, 40, '2025-05-10', 40, 0),
(715, 2, 40, '2025-05-11', 40, 0),
(715, 2, 40, '2025-05-12', 40, 0),
(715, 2, 40, '2025-05-13', 40, 0),
(715, 3, 40, '2025-04-14', 40, 0),
(715, 3, 40, '2025-04-15', 40, 0),
(715, 3, 40, '2025-04-16', 40, 0),
(715, 3, 40, '2025-04-17', 40, 0),
(715, 3, 40, '2025-04-18', 40, 0),
(715, 3, 40, '2025-04-19', 40, 0),
(715, 3, 40, '2025-04-20', 40, 0),
(715, 3, 40, '2025-04-21', 40, 0),
(715, 3, 40, '2025-04-22', 40, 0),
(715, 3, 40, '2025-04-23', 40, 0),
(715, 3, 40, '2025-04-24', 40, 0),
(715, 3, 40, '2025-04-25', 40, 0),
(715, 3, 40, '2025-04-26', 40, 0),
(715, 3, 40, '2025-04-27', 40, 0),
(715, 3, 40, '2025-04-28', 40, 0),
(715, 3, 40, '2025-04-29', 40, 0),
(715, 3, 40, '2025-04-30', 40, 0),
(715, 3, 40, '2025-05-01', 40, 0),
(715, 3, 40, '2025-05-02', 40, 0),
(715, 3, 40, '2025-05-03', 40, 0),
(715, 3, 40, '2025-05-04', 40, 0),
(715, 3, 40, '2025-05-05', 40, 0),
(715, 3, 40, '2025-05-06', 40, 0),
(715, 3, 40, '2025-05-07', 40, 0),
(715, 3, 40, '2025-05-08', 40, 0),
(715, 3, 40, '2025-05-09', 40, 0),
(715, 3, 40, '2025-05-10', 40, 0),
(715, 3, 40, '2025-05-11', 40, 0),
(715, 3, 40, '2025-05-12', 40, 0),
(715, 3, 40, '2025-05-13', 40, 0),
(715, 4, 40, '2025-04-14', 40, 0),
(715, 4, 40, '2025-04-15', 40, 0),
(715, 4, 40, '2025-04-16', 40, 0),
(715, 4, 40, '2025-04-17', 40, 0),
(715, 4, 40, '2025-04-18', 40, 0),
(715, 4, 40, '2025-04-19', 40, 0),
(715, 4, 40, '2025-04-20', 40, 0),
(715, 4, 40, '2025-04-21', 40, 0),
(715, 4, 40, '2025-04-22', 40, 0),
(715, 4, 40, '2025-04-23', 40, 0),
(715, 4, 40, '2025-04-24', 40, 0),
(715, 4, 40, '2025-04-25', 40, 0),
(715, 4, 40, '2025-04-26', 40, 0),
(715, 4, 40, '2025-04-27', 40, 0),
(715, 4, 40, '2025-04-28', 40, 0),
(715, 4, 40, '2025-04-29', 40, 0),
(715, 4, 40, '2025-04-30', 40, 0),
(715, 4, 40, '2025-05-01', 40, 0),
(715, 4, 40, '2025-05-02', 40, 0),
(715, 4, 40, '2025-05-03', 40, 0),
(715, 4, 40, '2025-05-04', 40, 0),
(715, 4, 40, '2025-05-05', 40, 0),
(715, 4, 40, '2025-05-06', 40, 0),
(715, 4, 40, '2025-05-07', 40, 0),
(715, 4, 40, '2025-05-08', 40, 0),
(715, 4, 40, '2025-05-09', 40, 0),
(715, 4, 40, '2025-05-10', 40, 0),
(715, 4, 40, '2025-05-11', 40, 0),
(715, 4, 40, '2025-05-12', 40, 0),
(715, 4, 40, '2025-05-13', 40, 0),
(715, 5, 40, '2025-04-14', 40, 0),
(715, 5, 40, '2025-04-15', 40, 0),
(715, 5, 40, '2025-04-16', 40, 0),
(715, 5, 40, '2025-04-17', 40, 0),
(715, 5, 40, '2025-04-18', 40, 0),
(715, 5, 40, '2025-04-19', 40, 0),
(715, 5, 40, '2025-04-20', 40, 0),
(715, 5, 40, '2025-04-21', 40, 0),
(715, 5, 40, '2025-04-22', 40, 0),
(715, 5, 40, '2025-04-23', 40, 0),
(715, 5, 40, '2025-04-24', 40, 0),
(715, 5, 40, '2025-04-25', 40, 0),
(715, 5, 40, '2025-04-26', 40, 0),
(715, 5, 40, '2025-04-27', 40, 0),
(715, 5, 40, '2025-04-28', 40, 0),
(715, 5, 40, '2025-04-29', 40, 0),
(715, 5, 40, '2025-04-30', 40, 0),
(715, 5, 40, '2025-05-01', 40, 0),
(715, 5, 40, '2025-05-02', 40, 0),
(715, 5, 40, '2025-05-03', 40, 0),
(715, 5, 40, '2025-05-04', 40, 0),
(715, 5, 40, '2025-05-05', 40, 0),
(715, 5, 40, '2025-05-06', 40, 0),
(715, 5, 40, '2025-05-07', 40, 0),
(715, 5, 40, '2025-05-08', 40, 0),
(715, 5, 40, '2025-05-09', 40, 0),
(715, 5, 40, '2025-05-10', 40, 0),
(715, 5, 40, '2025-05-11', 40, 0),
(715, 5, 40, '2025-05-12', 40, 0),
(715, 5, 40, '2025-05-13', 40, 0),
(715, 6, 40, '2025-04-14', 40, 0),
(715, 6, 40, '2025-04-15', 40, 0),
(715, 6, 40, '2025-04-16', 40, 0),
(715, 6, 40, '2025-04-17', 40, 0),
(715, 6, 40, '2025-04-18', 40, 0),
(715, 6, 40, '2025-04-19', 40, 0),
(715, 6, 40, '2025-04-20', 40, 0),
(715, 6, 40, '2025-04-21', 40, 0),
(715, 6, 40, '2025-04-22', 40, 0),
(715, 6, 40, '2025-04-23', 40, 0),
(715, 6, 40, '2025-04-24', 40, 0),
(715, 6, 40, '2025-04-25', 40, 0),
(715, 6, 40, '2025-04-26', 40, 0),
(715, 6, 40, '2025-04-27', 40, 0),
(715, 6, 40, '2025-04-28', 40, 0),
(715, 6, 40, '2025-04-29', 40, 0),
(715, 6, 40, '2025-04-30', 40, 0),
(715, 6, 40, '2025-05-01', 40, 0),
(715, 6, 40, '2025-05-02', 40, 0),
(715, 6, 40, '2025-05-03', 40, 0),
(715, 6, 40, '2025-05-04', 40, 0),
(715, 6, 40, '2025-05-05', 40, 0),
(715, 6, 40, '2025-05-06', 40, 0),
(715, 6, 40, '2025-05-07', 40, 0),
(715, 6, 40, '2025-05-08', 40, 0),
(715, 6, 40, '2025-05-09', 40, 0),
(715, 6, 40, '2025-05-10', 40, 0),
(715, 6, 40, '2025-05-11', 40, 0),
(715, 6, 40, '2025-05-12', 40, 0),
(715, 6, 40, '2025-05-13', 40, 0),
(715, 7, 40, '2025-04-14', 40, 0),
(715, 7, 40, '2025-04-15', 40, 0),
(715, 7, 40, '2025-04-16', 40, 0),
(715, 7, 40, '2025-04-17', 40, 0),
(715, 7, 40, '2025-04-18', 40, 0),
(715, 7, 40, '2025-04-19', 40, 0),
(715, 7, 40, '2025-04-20', 40, 0),
(715, 7, 40, '2025-04-21', 40, 0),
(715, 7, 40, '2025-04-22', 40, 0),
(715, 7, 40, '2025-04-23', 40, 0),
(715, 7, 40, '2025-04-24', 40, 0),
(715, 7, 40, '2025-04-25', 40, 0),
(715, 7, 40, '2025-04-26', 40, 0),
(715, 7, 40, '2025-04-27', 40, 0),
(715, 7, 40, '2025-04-28', 40, 0),
(715, 7, 40, '2025-04-29', 40, 0),
(715, 7, 40, '2025-04-30', 40, 0),
(715, 7, 40, '2025-05-01', 40, 0),
(715, 7, 40, '2025-05-02', 40, 0),
(715, 7, 40, '2025-05-03', 40, 0),
(715, 7, 40, '2025-05-04', 40, 0),
(715, 7, 40, '2025-05-05', 40, 0),
(715, 7, 40, '2025-05-06', 40, 0),
(715, 7, 40, '2025-05-07', 40, 0),
(715, 7, 40, '2025-05-08', 40, 0),
(715, 7, 40, '2025-05-09', 40, 0),
(715, 7, 40, '2025-05-10', 40, 0),
(715, 7, 40, '2025-05-11', 40, 0),
(715, 7, 40, '2025-05-12', 40, 0),
(715, 7, 40, '2025-05-13', 40, 0),
(715, 8, 40, '2025-04-14', 40, 0),
(715, 8, 40, '2025-04-15', 40, 0),
(715, 8, 40, '2025-04-16', 40, 0),
(715, 8, 40, '2025-04-17', 40, 0),
(715, 8, 40, '2025-04-18', 40, 0),
(715, 8, 40, '2025-04-19', 40, 0),
(715, 8, 40, '2025-04-20', 40, 0),
(715, 8, 40, '2025-04-21', 40, 0),
(715, 8, 40, '2025-04-22', 40, 0),
(715, 8, 40, '2025-04-23', 40, 0),
(715, 8, 40, '2025-04-24', 40, 0),
(715, 8, 40, '2025-04-25', 40, 0),
(715, 8, 40, '2025-04-26', 40, 0),
(715, 8, 40, '2025-04-27', 40, 0),
(715, 8, 40, '2025-04-28', 40, 0),
(715, 8, 40, '2025-04-29', 40, 0),
(715, 8, 40, '2025-04-30', 40, 0),
(715, 8, 40, '2025-05-01', 40, 0),
(715, 8, 40, '2025-05-02', 40, 0),
(715, 8, 40, '2025-05-03', 40, 0),
(715, 8, 40, '2025-05-04', 40, 0),
(715, 8, 40, '2025-05-05', 40, 0),
(715, 8, 40, '2025-05-06', 40, 0),
(715, 8, 40, '2025-05-07', 40, 0),
(715, 8, 40, '2025-05-08', 40, 0),
(715, 8, 40, '2025-05-09', 40, 0),
(715, 8, 40, '2025-05-10', 40, 0),
(715, 8, 40, '2025-05-11', 40, 0),
(715, 8, 40, '2025-05-12', 40, 0),
(715, 8, 40, '2025-05-13', 40, 0),
(715, 9, 40, '2025-04-14', 40, 0),
(715, 9, 40, '2025-04-15', 40, 0),
(715, 9, 40, '2025-04-16', 40, 0),
(715, 9, 40, '2025-04-17', 40, 0),
(715, 9, 40, '2025-04-18', 40, 0),
(715, 9, 40, '2025-04-19', 40, 0),
(715, 9, 40, '2025-04-20', 40, 0),
(715, 9, 40, '2025-04-21', 40, 0),
(715, 9, 40, '2025-04-22', 40, 0),
(715, 9, 40, '2025-04-23', 40, 0),
(715, 9, 40, '2025-04-24', 40, 0),
(715, 9, 40, '2025-04-25', 40, 0),
(715, 9, 40, '2025-04-26', 40, 0),
(715, 9, 40, '2025-04-27', 40, 0),
(715, 9, 40, '2025-04-28', 40, 0),
(715, 9, 40, '2025-04-29', 40, 0),
(715, 9, 40, '2025-04-30', 40, 0),
(715, 9, 40, '2025-05-01', 40, 0),
(715, 9, 40, '2025-05-02', 40, 0),
(715, 9, 40, '2025-05-03', 40, 0),
(715, 9, 40, '2025-05-04', 40, 0),
(715, 9, 40, '2025-05-05', 40, 0),
(715, 9, 40, '2025-05-06', 40, 0),
(715, 9, 40, '2025-05-07', 40, 0),
(715, 9, 40, '2025-05-08', 40, 0),
(715, 9, 40, '2025-05-09', 40, 0),
(715, 9, 40, '2025-05-10', 40, 0),
(715, 9, 40, '2025-05-11', 40, 0),
(715, 9, 40, '2025-05-12', 40, 0),
(715, 9, 40, '2025-05-13', 40, 0),
(716, 1, 40, '2025-04-14', 40, 0),
(716, 1, 40, '2025-04-15', 40, 0),
(716, 1, 40, '2025-04-16', 40, 0),
(716, 1, 40, '2025-04-17', 40, 0),
(716, 1, 40, '2025-04-18', 40, 0),
(716, 1, 40, '2025-04-19', 40, 0),
(716, 1, 40, '2025-04-20', 40, 0),
(716, 1, 40, '2025-04-21', 40, 0),
(716, 1, 40, '2025-04-22', 40, 0),
(716, 1, 40, '2025-04-23', 40, 0),
(716, 1, 40, '2025-04-24', 40, 0),
(716, 1, 40, '2025-04-25', 40, 0),
(716, 1, 40, '2025-04-26', 40, 0),
(716, 1, 40, '2025-04-27', 40, 0),
(716, 1, 40, '2025-04-28', 40, 0),
(716, 1, 40, '2025-04-29', 40, 0),
(716, 1, 40, '2025-04-30', 40, 0),
(716, 1, 40, '2025-05-01', 40, 0),
(716, 1, 40, '2025-05-02', 40, 0),
(716, 1, 40, '2025-05-03', 40, 0),
(716, 1, 40, '2025-05-04', 40, 0),
(716, 1, 40, '2025-05-05', 40, 0),
(716, 1, 40, '2025-05-06', 40, 0),
(716, 1, 40, '2025-05-07', 40, 0),
(716, 1, 40, '2025-05-08', 40, 0),
(716, 1, 40, '2025-05-09', 40, 0),
(716, 1, 40, '2025-05-10', 40, 0),
(716, 1, 40, '2025-05-11', 40, 0),
(716, 1, 40, '2025-05-12', 40, 0),
(716, 1, 40, '2025-05-13', 40, 0),
(716, 2, 40, '2025-04-14', 40, 0),
(716, 2, 40, '2025-04-15', 40, 0),
(716, 2, 40, '2025-04-16', 40, 0),
(716, 2, 40, '2025-04-17', 40, 0),
(716, 2, 40, '2025-04-18', 40, 0),
(716, 2, 40, '2025-04-19', 40, 0),
(716, 2, 40, '2025-04-20', 40, 0),
(716, 2, 40, '2025-04-21', 40, 0),
(716, 2, 40, '2025-04-22', 40, 0),
(716, 2, 40, '2025-04-23', 40, 0),
(716, 2, 40, '2025-04-24', 40, 0),
(716, 2, 40, '2025-04-25', 40, 0),
(716, 2, 40, '2025-04-26', 40, 0),
(716, 2, 40, '2025-04-27', 40, 0),
(716, 2, 40, '2025-04-28', 40, 0),
(716, 2, 40, '2025-04-29', 40, 0),
(716, 2, 40, '2025-04-30', 40, 0),
(716, 2, 40, '2025-05-01', 40, 0),
(716, 2, 40, '2025-05-02', 40, 0),
(716, 2, 40, '2025-05-03', 40, 0),
(716, 2, 40, '2025-05-04', 40, 0),
(716, 2, 40, '2025-05-05', 40, 0),
(716, 2, 40, '2025-05-06', 40, 0),
(716, 2, 40, '2025-05-07', 40, 0),
(716, 2, 40, '2025-05-08', 40, 0),
(716, 2, 40, '2025-05-09', 40, 0),
(716, 2, 40, '2025-05-10', 40, 0),
(716, 2, 40, '2025-05-11', 40, 0),
(716, 2, 40, '2025-05-12', 40, 0),
(716, 2, 40, '2025-05-13', 40, 0),
(716, 3, 40, '2025-04-14', 40, 0),
(716, 3, 40, '2025-04-15', 40, 0),
(716, 3, 40, '2025-04-16', 40, 0),
(716, 3, 40, '2025-04-17', 40, 0),
(716, 3, 40, '2025-04-18', 40, 0),
(716, 3, 40, '2025-04-19', 40, 0),
(716, 3, 40, '2025-04-20', 40, 0),
(716, 3, 40, '2025-04-21', 40, 0),
(716, 3, 40, '2025-04-22', 40, 0),
(716, 3, 40, '2025-04-23', 40, 0),
(716, 3, 40, '2025-04-24', 40, 0),
(716, 3, 40, '2025-04-25', 40, 0),
(716, 3, 40, '2025-04-26', 40, 0),
(716, 3, 40, '2025-04-27', 40, 0),
(716, 3, 40, '2025-04-28', 40, 0),
(716, 3, 40, '2025-04-29', 40, 0),
(716, 3, 40, '2025-04-30', 40, 0),
(716, 3, 40, '2025-05-01', 40, 0),
(716, 3, 40, '2025-05-02', 40, 0),
(716, 3, 40, '2025-05-03', 40, 0),
(716, 3, 40, '2025-05-04', 40, 0),
(716, 3, 40, '2025-05-05', 40, 0),
(716, 3, 40, '2025-05-06', 40, 0),
(716, 3, 40, '2025-05-07', 40, 0),
(716, 3, 40, '2025-05-08', 40, 0),
(716, 3, 40, '2025-05-09', 40, 0),
(716, 3, 40, '2025-05-10', 40, 0),
(716, 3, 40, '2025-05-11', 40, 0),
(716, 3, 40, '2025-05-12', 40, 0),
(716, 3, 40, '2025-05-13', 40, 0),
(716, 4, 40, '2025-04-14', 40, 0),
(716, 4, 40, '2025-04-15', 40, 0),
(716, 4, 40, '2025-04-16', 40, 0),
(716, 4, 40, '2025-04-17', 40, 0),
(716, 4, 40, '2025-04-18', 40, 0),
(716, 4, 40, '2025-04-19', 40, 0),
(716, 4, 40, '2025-04-20', 40, 0),
(716, 4, 40, '2025-04-21', 40, 0),
(716, 4, 40, '2025-04-22', 40, 0),
(716, 4, 40, '2025-04-23', 40, 0),
(716, 4, 40, '2025-04-24', 40, 0),
(716, 4, 40, '2025-04-25', 40, 0),
(716, 4, 40, '2025-04-26', 40, 0),
(716, 4, 40, '2025-04-27', 40, 0),
(716, 4, 40, '2025-04-28', 40, 0),
(716, 4, 40, '2025-04-29', 40, 0),
(716, 4, 40, '2025-04-30', 40, 0),
(716, 4, 40, '2025-05-01', 40, 0),
(716, 4, 40, '2025-05-02', 40, 0),
(716, 4, 40, '2025-05-03', 40, 0),
(716, 4, 40, '2025-05-04', 40, 0),
(716, 4, 40, '2025-05-05', 40, 0),
(716, 4, 40, '2025-05-06', 40, 0),
(716, 4, 40, '2025-05-07', 40, 0),
(716, 4, 40, '2025-05-08', 40, 0),
(716, 4, 40, '2025-05-09', 40, 0),
(716, 4, 40, '2025-05-10', 40, 0),
(716, 4, 40, '2025-05-11', 40, 0),
(716, 4, 40, '2025-05-12', 40, 0),
(716, 4, 40, '2025-05-13', 40, 0),
(716, 5, 40, '2025-04-14', 40, 0),
(716, 5, 40, '2025-04-15', 40, 0),
(716, 5, 40, '2025-04-16', 40, 0),
(716, 5, 40, '2025-04-17', 40, 0),
(716, 5, 40, '2025-04-18', 40, 0),
(716, 5, 40, '2025-04-19', 40, 0),
(716, 5, 40, '2025-04-20', 40, 0),
(716, 5, 40, '2025-04-21', 40, 0),
(716, 5, 40, '2025-04-22', 40, 0),
(716, 5, 40, '2025-04-23', 40, 0),
(716, 5, 40, '2025-04-24', 40, 0),
(716, 5, 40, '2025-04-25', 40, 0),
(716, 5, 40, '2025-04-26', 40, 0),
(716, 5, 40, '2025-04-27', 40, 0),
(716, 5, 40, '2025-04-28', 40, 0),
(716, 5, 40, '2025-04-29', 40, 0),
(716, 5, 40, '2025-04-30', 40, 0),
(716, 5, 40, '2025-05-01', 40, 0),
(716, 5, 40, '2025-05-02', 40, 0),
(716, 5, 40, '2025-05-03', 40, 0),
(716, 5, 40, '2025-05-04', 40, 0),
(716, 5, 40, '2025-05-05', 40, 0),
(716, 5, 40, '2025-05-06', 40, 0),
(716, 5, 40, '2025-05-07', 40, 0),
(716, 5, 40, '2025-05-08', 40, 0),
(716, 5, 40, '2025-05-09', 40, 0),
(716, 5, 40, '2025-05-10', 40, 0),
(716, 5, 40, '2025-05-11', 40, 0),
(716, 5, 40, '2025-05-12', 40, 0),
(716, 5, 40, '2025-05-13', 40, 0),
(716, 6, 40, '2025-04-14', 40, 0),
(716, 6, 40, '2025-04-15', 40, 0),
(716, 6, 40, '2025-04-16', 40, 0),
(716, 6, 40, '2025-04-17', 40, 0),
(716, 6, 40, '2025-04-18', 40, 0),
(716, 6, 40, '2025-04-19', 40, 0),
(716, 6, 40, '2025-04-20', 40, 0),
(716, 6, 40, '2025-04-21', 40, 0),
(716, 6, 40, '2025-04-22', 40, 0),
(716, 6, 40, '2025-04-23', 40, 0),
(716, 6, 40, '2025-04-24', 40, 0),
(716, 6, 40, '2025-04-25', 40, 0),
(716, 6, 40, '2025-04-26', 40, 0),
(716, 6, 40, '2025-04-27', 40, 0),
(716, 6, 40, '2025-04-28', 40, 0),
(716, 6, 40, '2025-04-29', 40, 0),
(716, 6, 40, '2025-04-30', 40, 0),
(716, 6, 40, '2025-05-01', 40, 0),
(716, 6, 40, '2025-05-02', 40, 0),
(716, 6, 40, '2025-05-03', 40, 0),
(716, 6, 40, '2025-05-04', 40, 0),
(716, 6, 40, '2025-05-05', 40, 0),
(716, 6, 40, '2025-05-06', 40, 0),
(716, 6, 40, '2025-05-07', 40, 0),
(716, 6, 40, '2025-05-08', 40, 0),
(716, 6, 40, '2025-05-09', 40, 0),
(716, 6, 40, '2025-05-10', 40, 0),
(716, 6, 40, '2025-05-11', 40, 0),
(716, 6, 40, '2025-05-12', 40, 0),
(716, 6, 40, '2025-05-13', 40, 0),
(716, 7, 40, '2025-04-14', 40, 0),
(716, 7, 40, '2025-04-15', 40, 0),
(716, 7, 40, '2025-04-16', 40, 0),
(716, 7, 40, '2025-04-17', 40, 0),
(716, 7, 40, '2025-04-18', 40, 0),
(716, 7, 40, '2025-04-19', 40, 0),
(716, 7, 40, '2025-04-20', 40, 0),
(716, 7, 40, '2025-04-21', 40, 0),
(716, 7, 40, '2025-04-22', 40, 0),
(716, 7, 40, '2025-04-23', 40, 0),
(716, 7, 40, '2025-04-24', 40, 0),
(716, 7, 40, '2025-04-25', 40, 0),
(716, 7, 40, '2025-04-26', 40, 0),
(716, 7, 40, '2025-04-27', 40, 0),
(716, 7, 40, '2025-04-28', 40, 0),
(716, 7, 40, '2025-04-29', 40, 0),
(716, 7, 40, '2025-04-30', 40, 0),
(716, 7, 40, '2025-05-01', 40, 0),
(716, 7, 40, '2025-05-02', 40, 0),
(716, 7, 40, '2025-05-03', 40, 0),
(716, 7, 40, '2025-05-04', 40, 0),
(716, 7, 40, '2025-05-05', 40, 0),
(716, 7, 40, '2025-05-06', 40, 0),
(716, 7, 40, '2025-05-07', 40, 0),
(716, 7, 40, '2025-05-08', 40, 0),
(716, 7, 40, '2025-05-09', 40, 0),
(716, 7, 40, '2025-05-10', 40, 0),
(716, 7, 40, '2025-05-11', 40, 0),
(716, 7, 40, '2025-05-12', 40, 0),
(716, 7, 40, '2025-05-13', 40, 0),
(716, 8, 40, '2025-04-14', 40, 0),
(716, 8, 40, '2025-04-15', 40, 0),
(716, 8, 40, '2025-04-16', 40, 0),
(716, 8, 40, '2025-04-17', 40, 0),
(716, 8, 40, '2025-04-18', 40, 0),
(716, 8, 40, '2025-04-19', 40, 0),
(716, 8, 40, '2025-04-20', 40, 0),
(716, 8, 40, '2025-04-21', 40, 0),
(716, 8, 40, '2025-04-22', 40, 0),
(716, 8, 40, '2025-04-23', 40, 0),
(716, 8, 40, '2025-04-24', 40, 0),
(716, 8, 40, '2025-04-25', 40, 0),
(716, 8, 40, '2025-04-26', 40, 0),
(716, 8, 40, '2025-04-27', 40, 0),
(716, 8, 40, '2025-04-28', 40, 0),
(716, 8, 40, '2025-04-29', 40, 0),
(716, 8, 40, '2025-04-30', 40, 0),
(716, 8, 40, '2025-05-01', 40, 0),
(716, 8, 40, '2025-05-02', 40, 0),
(716, 8, 40, '2025-05-03', 40, 0),
(716, 8, 40, '2025-05-04', 40, 0),
(716, 8, 40, '2025-05-05', 40, 0),
(716, 8, 40, '2025-05-06', 40, 0),
(716, 8, 40, '2025-05-07', 40, 0),
(716, 8, 40, '2025-05-08', 40, 0),
(716, 8, 40, '2025-05-09', 40, 0),
(716, 8, 40, '2025-05-10', 40, 0),
(716, 8, 40, '2025-05-11', 40, 0),
(716, 8, 40, '2025-05-12', 40, 0),
(716, 8, 40, '2025-05-13', 40, 0),
(716, 9, 40, '2025-04-14', 40, 0),
(716, 9, 40, '2025-04-15', 40, 0),
(716, 9, 40, '2025-04-16', 40, 0),
(716, 9, 40, '2025-04-17', 40, 0),
(716, 9, 40, '2025-04-18', 40, 0),
(716, 9, 40, '2025-04-19', 40, 0),
(716, 9, 40, '2025-04-20', 40, 0),
(716, 9, 40, '2025-04-21', 40, 0),
(716, 9, 40, '2025-04-22', 40, 0),
(716, 9, 40, '2025-04-23', 40, 0),
(716, 9, 40, '2025-04-24', 40, 0),
(716, 9, 40, '2025-04-25', 40, 0),
(716, 9, 40, '2025-04-26', 40, 0),
(716, 9, 40, '2025-04-27', 40, 0),
(716, 9, 40, '2025-04-28', 40, 0),
(716, 9, 40, '2025-04-29', 40, 0),
(716, 9, 40, '2025-04-30', 40, 0),
(716, 9, 40, '2025-05-01', 40, 0),
(716, 9, 40, '2025-05-02', 40, 0),
(716, 9, 40, '2025-05-03', 40, 0),
(716, 9, 40, '2025-05-04', 40, 0),
(716, 9, 40, '2025-05-05', 40, 0),
(716, 9, 40, '2025-05-06', 40, 0),
(716, 9, 40, '2025-05-07', 40, 0),
(716, 9, 40, '2025-05-08', 40, 0),
(716, 9, 40, '2025-05-09', 40, 0),
(716, 9, 40, '2025-05-10', 40, 0),
(716, 9, 40, '2025-05-11', 40, 0),
(716, 9, 40, '2025-05-12', 40, 0),
(716, 9, 40, '2025-05-13', 40, 0),
(717, 1, 40, '2025-04-14', 40, 0),
(717, 1, 40, '2025-04-15', 40, 0),
(717, 1, 40, '2025-04-16', 40, 0),
(717, 1, 40, '2025-04-17', 40, 0),
(717, 1, 40, '2025-04-18', 40, 0),
(717, 1, 40, '2025-04-19', 40, 0),
(717, 1, 40, '2025-04-20', 40, 0),
(717, 1, 40, '2025-04-21', 40, 0),
(717, 1, 40, '2025-04-22', 40, 0),
(717, 1, 40, '2025-04-23', 40, 0),
(717, 1, 40, '2025-04-24', 40, 0),
(717, 1, 40, '2025-04-25', 40, 0),
(717, 1, 40, '2025-04-26', 40, 0),
(717, 1, 40, '2025-04-27', 40, 0),
(717, 1, 40, '2025-04-28', 40, 0),
(717, 1, 40, '2025-04-29', 40, 0),
(717, 1, 40, '2025-04-30', 40, 0),
(717, 1, 40, '2025-05-01', 40, 0),
(717, 1, 40, '2025-05-02', 40, 0),
(717, 1, 40, '2025-05-03', 40, 0),
(717, 1, 40, '2025-05-04', 40, 0),
(717, 1, 40, '2025-05-05', 40, 0),
(717, 1, 40, '2025-05-06', 40, 0),
(717, 1, 40, '2025-05-07', 40, 0),
(717, 1, 40, '2025-05-08', 40, 0),
(717, 1, 40, '2025-05-09', 40, 0),
(717, 1, 40, '2025-05-10', 40, 0),
(717, 1, 40, '2025-05-11', 40, 0),
(717, 1, 40, '2025-05-12', 40, 0),
(717, 1, 40, '2025-05-13', 40, 0),
(717, 2, 40, '2025-04-14', 40, 0),
(717, 2, 40, '2025-04-15', 40, 0),
(717, 2, 40, '2025-04-16', 40, 0),
(717, 2, 40, '2025-04-17', 40, 0),
(717, 2, 40, '2025-04-18', 40, 0),
(717, 2, 40, '2025-04-19', 40, 0),
(717, 2, 40, '2025-04-20', 40, 0),
(717, 2, 40, '2025-04-21', 40, 0),
(717, 2, 40, '2025-04-22', 40, 0),
(717, 2, 40, '2025-04-23', 40, 0),
(717, 2, 40, '2025-04-24', 40, 0),
(717, 2, 40, '2025-04-25', 40, 0),
(717, 2, 40, '2025-04-26', 40, 0),
(717, 2, 40, '2025-04-27', 40, 0),
(717, 2, 40, '2025-04-28', 40, 0),
(717, 2, 40, '2025-04-29', 40, 0),
(717, 2, 40, '2025-04-30', 40, 0),
(717, 2, 40, '2025-05-01', 40, 0),
(717, 2, 40, '2025-05-02', 40, 0),
(717, 2, 40, '2025-05-03', 40, 0),
(717, 2, 40, '2025-05-04', 40, 0),
(717, 2, 40, '2025-05-05', 40, 0),
(717, 2, 40, '2025-05-06', 40, 0),
(717, 2, 40, '2025-05-07', 40, 0),
(717, 2, 40, '2025-05-08', 40, 0),
(717, 2, 40, '2025-05-09', 40, 0),
(717, 2, 40, '2025-05-10', 40, 0),
(717, 2, 40, '2025-05-11', 40, 0),
(717, 2, 40, '2025-05-12', 40, 0),
(717, 2, 40, '2025-05-13', 40, 0),
(717, 3, 40, '2025-04-14', 40, 0),
(717, 3, 40, '2025-04-15', 40, 0),
(717, 3, 40, '2025-04-16', 40, 0),
(717, 3, 40, '2025-04-17', 40, 0),
(717, 3, 40, '2025-04-18', 40, 0),
(717, 3, 40, '2025-04-19', 40, 0),
(717, 3, 40, '2025-04-20', 40, 0),
(717, 3, 40, '2025-04-21', 40, 0),
(717, 3, 40, '2025-04-22', 40, 0),
(717, 3, 40, '2025-04-23', 40, 0),
(717, 3, 40, '2025-04-24', 40, 0),
(717, 3, 40, '2025-04-25', 40, 0),
(717, 3, 40, '2025-04-26', 40, 0),
(717, 3, 40, '2025-04-27', 40, 0),
(717, 3, 40, '2025-04-28', 40, 0),
(717, 3, 40, '2025-04-29', 40, 0),
(717, 3, 40, '2025-04-30', 40, 0),
(717, 3, 40, '2025-05-01', 40, 0),
(717, 3, 40, '2025-05-02', 40, 0),
(717, 3, 40, '2025-05-03', 40, 0),
(717, 3, 40, '2025-05-04', 40, 0),
(717, 3, 40, '2025-05-05', 40, 0),
(717, 3, 40, '2025-05-06', 40, 0),
(717, 3, 40, '2025-05-07', 40, 0),
(717, 3, 40, '2025-05-08', 40, 0),
(717, 3, 40, '2025-05-09', 40, 0),
(717, 3, 40, '2025-05-10', 40, 0),
(717, 3, 40, '2025-05-11', 40, 0),
(717, 3, 40, '2025-05-12', 40, 0),
(717, 3, 40, '2025-05-13', 40, 0),
(717, 4, 40, '2025-04-14', 40, 0),
(717, 4, 40, '2025-04-15', 40, 0),
(717, 4, 40, '2025-04-16', 40, 0),
(717, 4, 40, '2025-04-17', 40, 0),
(717, 4, 40, '2025-04-18', 40, 0),
(717, 4, 40, '2025-04-19', 40, 0),
(717, 4, 40, '2025-04-20', 40, 0),
(717, 4, 40, '2025-04-21', 40, 0),
(717, 4, 40, '2025-04-22', 40, 0),
(717, 4, 40, '2025-04-23', 40, 0),
(717, 4, 40, '2025-04-24', 40, 0),
(717, 4, 40, '2025-04-25', 40, 0),
(717, 4, 40, '2025-04-26', 40, 0),
(717, 4, 40, '2025-04-27', 40, 0),
(717, 4, 40, '2025-04-28', 40, 0),
(717, 4, 40, '2025-04-29', 40, 0),
(717, 4, 40, '2025-04-30', 40, 0),
(717, 4, 40, '2025-05-01', 40, 0),
(717, 4, 40, '2025-05-02', 40, 0),
(717, 4, 40, '2025-05-03', 40, 0),
(717, 4, 40, '2025-05-04', 40, 0),
(717, 4, 40, '2025-05-05', 40, 0),
(717, 4, 40, '2025-05-06', 40, 0),
(717, 4, 40, '2025-05-07', 40, 0),
(717, 4, 40, '2025-05-08', 40, 0),
(717, 4, 40, '2025-05-09', 40, 0),
(717, 4, 40, '2025-05-10', 40, 0),
(717, 4, 40, '2025-05-11', 40, 0),
(717, 4, 40, '2025-05-12', 40, 0),
(717, 4, 40, '2025-05-13', 40, 0),
(717, 5, 40, '2025-04-14', 40, 0),
(717, 5, 40, '2025-04-15', 40, 0),
(717, 5, 40, '2025-04-16', 40, 0),
(717, 5, 40, '2025-04-17', 40, 0),
(717, 5, 40, '2025-04-18', 40, 0),
(717, 5, 40, '2025-04-19', 40, 0),
(717, 5, 40, '2025-04-20', 40, 0),
(717, 5, 40, '2025-04-21', 40, 0),
(717, 5, 40, '2025-04-22', 40, 0),
(717, 5, 40, '2025-04-23', 40, 0),
(717, 5, 40, '2025-04-24', 40, 0),
(717, 5, 40, '2025-04-25', 40, 0),
(717, 5, 40, '2025-04-26', 40, 0),
(717, 5, 40, '2025-04-27', 40, 0),
(717, 5, 40, '2025-04-28', 40, 0),
(717, 5, 40, '2025-04-29', 40, 0),
(717, 5, 40, '2025-04-30', 40, 0),
(717, 5, 40, '2025-05-01', 40, 0),
(717, 5, 40, '2025-05-02', 40, 0),
(717, 5, 40, '2025-05-03', 40, 0),
(717, 5, 40, '2025-05-04', 40, 0),
(717, 5, 40, '2025-05-05', 40, 0),
(717, 5, 40, '2025-05-06', 40, 0),
(717, 5, 40, '2025-05-07', 40, 0),
(717, 5, 40, '2025-05-08', 40, 0),
(717, 5, 40, '2025-05-09', 40, 0),
(717, 5, 40, '2025-05-10', 40, 0),
(717, 5, 40, '2025-05-11', 40, 0),
(717, 5, 40, '2025-05-12', 40, 0),
(717, 5, 40, '2025-05-13', 40, 0),
(717, 6, 40, '2025-04-14', 40, 0),
(717, 6, 40, '2025-04-15', 40, 0),
(717, 6, 40, '2025-04-16', 40, 0),
(717, 6, 40, '2025-04-17', 40, 0),
(717, 6, 40, '2025-04-18', 40, 0),
(717, 6, 40, '2025-04-19', 40, 0),
(717, 6, 40, '2025-04-20', 40, 0),
(717, 6, 40, '2025-04-21', 40, 0),
(717, 6, 40, '2025-04-22', 40, 0),
(717, 6, 40, '2025-04-23', 40, 0),
(717, 6, 40, '2025-04-24', 40, 0),
(717, 6, 40, '2025-04-25', 40, 0),
(717, 6, 40, '2025-04-26', 40, 0),
(717, 6, 40, '2025-04-27', 40, 0),
(717, 6, 40, '2025-04-28', 40, 0),
(717, 6, 40, '2025-04-29', 40, 0),
(717, 6, 40, '2025-04-30', 40, 0),
(717, 6, 40, '2025-05-01', 40, 0),
(717, 6, 40, '2025-05-02', 40, 0),
(717, 6, 40, '2025-05-03', 40, 0),
(717, 6, 40, '2025-05-04', 40, 0),
(717, 6, 40, '2025-05-05', 40, 0),
(717, 6, 40, '2025-05-06', 40, 0),
(717, 6, 40, '2025-05-07', 40, 0),
(717, 6, 40, '2025-05-08', 40, 0),
(717, 6, 40, '2025-05-09', 40, 0),
(717, 6, 40, '2025-05-10', 40, 0),
(717, 6, 40, '2025-05-11', 40, 0),
(717, 6, 40, '2025-05-12', 40, 0),
(717, 6, 40, '2025-05-13', 40, 0),
(717, 7, 40, '2025-04-14', 40, 0),
(717, 7, 40, '2025-04-15', 40, 0),
(717, 7, 40, '2025-04-16', 40, 0),
(717, 7, 40, '2025-04-17', 40, 0),
(717, 7, 40, '2025-04-18', 40, 0),
(717, 7, 40, '2025-04-19', 40, 0),
(717, 7, 40, '2025-04-20', 40, 0),
(717, 7, 40, '2025-04-21', 40, 0),
(717, 7, 40, '2025-04-22', 40, 0),
(717, 7, 40, '2025-04-23', 40, 0),
(717, 7, 40, '2025-04-24', 40, 0),
(717, 7, 40, '2025-04-25', 40, 0),
(717, 7, 40, '2025-04-26', 40, 0),
(717, 7, 40, '2025-04-27', 40, 0),
(717, 7, 40, '2025-04-28', 40, 0),
(717, 7, 40, '2025-04-29', 40, 0),
(717, 7, 40, '2025-04-30', 40, 0),
(717, 7, 40, '2025-05-01', 40, 0),
(717, 7, 40, '2025-05-02', 40, 0),
(717, 7, 40, '2025-05-03', 40, 0),
(717, 7, 40, '2025-05-04', 40, 0),
(717, 7, 40, '2025-05-05', 40, 0),
(717, 7, 40, '2025-05-06', 40, 0),
(717, 7, 40, '2025-05-07', 40, 0),
(717, 7, 40, '2025-05-08', 40, 0),
(717, 7, 40, '2025-05-09', 40, 0),
(717, 7, 40, '2025-05-10', 40, 0),
(717, 7, 40, '2025-05-11', 40, 0),
(717, 7, 40, '2025-05-12', 40, 0),
(717, 7, 40, '2025-05-13', 40, 0),
(717, 8, 40, '2025-04-14', 40, 0),
(717, 8, 40, '2025-04-15', 40, 0);
INSERT INTO `seat_availability` (`train_code`, `carriage_id`, `available_seat`, `journey_date`, `total_seats`, `reserved_seats`) VALUES
(717, 8, 40, '2025-04-16', 40, 0),
(717, 8, 40, '2025-04-17', 40, 0),
(717, 8, 40, '2025-04-18', 40, 0),
(717, 8, 40, '2025-04-19', 40, 0),
(717, 8, 40, '2025-04-20', 40, 0),
(717, 8, 40, '2025-04-21', 40, 0),
(717, 8, 40, '2025-04-22', 40, 0),
(717, 8, 40, '2025-04-23', 40, 0),
(717, 8, 40, '2025-04-24', 40, 0),
(717, 8, 40, '2025-04-25', 40, 0),
(717, 8, 40, '2025-04-26', 40, 0),
(717, 8, 40, '2025-04-27', 40, 0),
(717, 8, 40, '2025-04-28', 40, 0),
(717, 8, 40, '2025-04-29', 40, 0),
(717, 8, 40, '2025-04-30', 40, 0),
(717, 8, 40, '2025-05-01', 40, 0),
(717, 8, 40, '2025-05-02', 40, 0),
(717, 8, 40, '2025-05-03', 40, 0),
(717, 8, 40, '2025-05-04', 40, 0),
(717, 8, 40, '2025-05-05', 40, 0),
(717, 8, 40, '2025-05-06', 40, 0),
(717, 8, 40, '2025-05-07', 40, 0),
(717, 8, 40, '2025-05-08', 40, 0),
(717, 8, 40, '2025-05-09', 40, 0),
(717, 8, 40, '2025-05-10', 40, 0),
(717, 8, 40, '2025-05-11', 40, 0),
(717, 8, 40, '2025-05-12', 40, 0),
(717, 8, 40, '2025-05-13', 40, 0),
(717, 9, 40, '2025-04-14', 40, 0),
(717, 9, 40, '2025-04-15', 40, 0),
(717, 9, 40, '2025-04-16', 40, 0),
(717, 9, 40, '2025-04-17', 40, 0),
(717, 9, 40, '2025-04-18', 40, 0),
(717, 9, 40, '2025-04-19', 40, 0),
(717, 9, 40, '2025-04-20', 40, 0),
(717, 9, 40, '2025-04-21', 40, 0),
(717, 9, 40, '2025-04-22', 40, 0),
(717, 9, 40, '2025-04-23', 40, 0),
(717, 9, 40, '2025-04-24', 40, 0),
(717, 9, 40, '2025-04-25', 40, 0),
(717, 9, 40, '2025-04-26', 40, 0),
(717, 9, 40, '2025-04-27', 40, 0),
(717, 9, 40, '2025-04-28', 40, 0),
(717, 9, 40, '2025-04-29', 40, 0),
(717, 9, 40, '2025-04-30', 40, 0),
(717, 9, 40, '2025-05-01', 40, 0),
(717, 9, 40, '2025-05-02', 40, 0),
(717, 9, 40, '2025-05-03', 40, 0),
(717, 9, 40, '2025-05-04', 40, 0),
(717, 9, 40, '2025-05-05', 40, 0),
(717, 9, 40, '2025-05-06', 40, 0),
(717, 9, 40, '2025-05-07', 40, 0),
(717, 9, 40, '2025-05-08', 40, 0),
(717, 9, 40, '2025-05-09', 40, 0),
(717, 9, 40, '2025-05-10', 40, 0),
(717, 9, 40, '2025-05-11', 40, 0),
(717, 9, 40, '2025-05-12', 40, 0),
(717, 9, 40, '2025-05-13', 40, 0),
(718, 1, 40, '2025-04-14', 40, 0),
(718, 1, 40, '2025-04-15', 40, 0),
(718, 1, 40, '2025-04-16', 40, 0),
(718, 1, 40, '2025-04-17', 40, 0),
(718, 1, 40, '2025-04-18', 40, 0),
(718, 1, 40, '2025-04-19', 40, 0),
(718, 1, 40, '2025-04-20', 40, 0),
(718, 1, 40, '2025-04-21', 40, 0),
(718, 1, 40, '2025-04-22', 40, 0),
(718, 1, 40, '2025-04-23', 40, 0),
(718, 1, 40, '2025-04-24', 40, 0),
(718, 1, 40, '2025-04-25', 40, 0),
(718, 1, 40, '2025-04-26', 40, 0),
(718, 1, 40, '2025-04-27', 40, 0),
(718, 1, 40, '2025-04-28', 40, 0),
(718, 1, 40, '2025-04-29', 40, 0),
(718, 1, 40, '2025-04-30', 40, 0),
(718, 1, 40, '2025-05-01', 40, 0),
(718, 1, 40, '2025-05-02', 40, 0),
(718, 1, 40, '2025-05-03', 40, 0),
(718, 1, 40, '2025-05-04', 40, 0),
(718, 1, 40, '2025-05-05', 40, 0),
(718, 1, 40, '2025-05-06', 40, 0),
(718, 1, 40, '2025-05-07', 40, 0),
(718, 1, 40, '2025-05-08', 40, 0),
(718, 1, 40, '2025-05-09', 40, 0),
(718, 1, 40, '2025-05-10', 40, 0),
(718, 1, 40, '2025-05-11', 40, 0),
(718, 1, 40, '2025-05-12', 40, 0),
(718, 1, 40, '2025-05-13', 40, 0),
(718, 2, 40, '2025-04-14', 40, 0),
(718, 2, 40, '2025-04-15', 40, 0),
(718, 2, 40, '2025-04-16', 40, 0),
(718, 2, 40, '2025-04-17', 40, 0),
(718, 2, 40, '2025-04-18', 40, 0),
(718, 2, 40, '2025-04-19', 40, 0),
(718, 2, 40, '2025-04-20', 40, 0),
(718, 2, 40, '2025-04-21', 40, 0),
(718, 2, 40, '2025-04-22', 40, 0),
(718, 2, 40, '2025-04-23', 40, 0),
(718, 2, 40, '2025-04-24', 40, 0),
(718, 2, 40, '2025-04-25', 40, 0),
(718, 2, 40, '2025-04-26', 40, 0),
(718, 2, 40, '2025-04-27', 40, 0),
(718, 2, 40, '2025-04-28', 40, 0),
(718, 2, 40, '2025-04-29', 40, 0),
(718, 2, 40, '2025-04-30', 40, 0),
(718, 2, 40, '2025-05-01', 40, 0),
(718, 2, 40, '2025-05-02', 40, 0),
(718, 2, 40, '2025-05-03', 40, 0),
(718, 2, 40, '2025-05-04', 40, 0),
(718, 2, 40, '2025-05-05', 40, 0),
(718, 2, 40, '2025-05-06', 40, 0),
(718, 2, 40, '2025-05-07', 40, 0),
(718, 2, 40, '2025-05-08', 40, 0),
(718, 2, 40, '2025-05-09', 40, 0),
(718, 2, 40, '2025-05-10', 40, 0),
(718, 2, 40, '2025-05-11', 40, 0),
(718, 2, 40, '2025-05-12', 40, 0),
(718, 2, 40, '2025-05-13', 40, 0),
(718, 3, 40, '2025-04-14', 40, 0),
(718, 3, 40, '2025-04-15', 40, 0),
(718, 3, 40, '2025-04-16', 40, 0),
(718, 3, 40, '2025-04-17', 40, 0),
(718, 3, 40, '2025-04-18', 40, 0),
(718, 3, 40, '2025-04-19', 40, 0),
(718, 3, 40, '2025-04-20', 40, 0),
(718, 3, 40, '2025-04-21', 40, 0),
(718, 3, 40, '2025-04-22', 40, 0),
(718, 3, 40, '2025-04-23', 40, 0),
(718, 3, 40, '2025-04-24', 40, 0),
(718, 3, 40, '2025-04-25', 40, 0),
(718, 3, 40, '2025-04-26', 40, 0),
(718, 3, 40, '2025-04-27', 40, 0),
(718, 3, 40, '2025-04-28', 40, 0),
(718, 3, 40, '2025-04-29', 40, 0),
(718, 3, 40, '2025-04-30', 40, 0),
(718, 3, 40, '2025-05-01', 40, 0),
(718, 3, 40, '2025-05-02', 40, 0),
(718, 3, 40, '2025-05-03', 40, 0),
(718, 3, 40, '2025-05-04', 40, 0),
(718, 3, 40, '2025-05-05', 40, 0),
(718, 3, 40, '2025-05-06', 40, 0),
(718, 3, 40, '2025-05-07', 40, 0),
(718, 3, 40, '2025-05-08', 40, 0),
(718, 3, 40, '2025-05-09', 40, 0),
(718, 3, 40, '2025-05-10', 40, 0),
(718, 3, 40, '2025-05-11', 40, 0),
(718, 3, 40, '2025-05-12', 40, 0),
(718, 3, 40, '2025-05-13', 40, 0),
(718, 4, 40, '2025-04-14', 40, 0),
(718, 4, 40, '2025-04-15', 40, 0),
(718, 4, 40, '2025-04-16', 40, 0),
(718, 4, 40, '2025-04-17', 40, 0),
(718, 4, 40, '2025-04-18', 40, 0),
(718, 4, 40, '2025-04-19', 40, 0),
(718, 4, 40, '2025-04-20', 40, 0),
(718, 4, 40, '2025-04-21', 40, 0),
(718, 4, 40, '2025-04-22', 40, 0),
(718, 4, 40, '2025-04-23', 40, 0),
(718, 4, 40, '2025-04-24', 40, 0),
(718, 4, 40, '2025-04-25', 40, 0),
(718, 4, 40, '2025-04-26', 40, 0),
(718, 4, 40, '2025-04-27', 40, 0),
(718, 4, 40, '2025-04-28', 40, 0),
(718, 4, 40, '2025-04-29', 40, 0),
(718, 4, 40, '2025-04-30', 40, 0),
(718, 4, 40, '2025-05-01', 40, 0),
(718, 4, 40, '2025-05-02', 40, 0),
(718, 4, 40, '2025-05-03', 40, 0),
(718, 4, 40, '2025-05-04', 40, 0),
(718, 4, 40, '2025-05-05', 40, 0),
(718, 4, 40, '2025-05-06', 40, 0),
(718, 4, 40, '2025-05-07', 40, 0),
(718, 4, 40, '2025-05-08', 40, 0),
(718, 4, 40, '2025-05-09', 40, 0),
(718, 4, 40, '2025-05-10', 40, 0),
(718, 4, 40, '2025-05-11', 40, 0),
(718, 4, 40, '2025-05-12', 40, 0),
(718, 4, 40, '2025-05-13', 40, 0),
(718, 5, 40, '2025-04-14', 40, 0),
(718, 5, 40, '2025-04-15', 40, 0),
(718, 5, 40, '2025-04-16', 40, 0),
(718, 5, 40, '2025-04-17', 40, 0),
(718, 5, 40, '2025-04-18', 40, 0),
(718, 5, 40, '2025-04-19', 40, 0),
(718, 5, 40, '2025-04-20', 40, 0),
(718, 5, 40, '2025-04-21', 40, 0),
(718, 5, 40, '2025-04-22', 40, 0),
(718, 5, 40, '2025-04-23', 40, 0),
(718, 5, 40, '2025-04-24', 40, 0),
(718, 5, 40, '2025-04-25', 40, 0),
(718, 5, 40, '2025-04-26', 40, 0),
(718, 5, 40, '2025-04-27', 40, 0),
(718, 5, 40, '2025-04-28', 40, 0),
(718, 5, 40, '2025-04-29', 40, 0),
(718, 5, 40, '2025-04-30', 40, 0),
(718, 5, 40, '2025-05-01', 40, 0),
(718, 5, 40, '2025-05-02', 40, 0),
(718, 5, 40, '2025-05-03', 40, 0),
(718, 5, 40, '2025-05-04', 40, 0),
(718, 5, 40, '2025-05-05', 40, 0),
(718, 5, 40, '2025-05-06', 40, 0),
(718, 5, 40, '2025-05-07', 40, 0),
(718, 5, 40, '2025-05-08', 40, 0),
(718, 5, 40, '2025-05-09', 40, 0),
(718, 5, 40, '2025-05-10', 40, 0),
(718, 5, 40, '2025-05-11', 40, 0),
(718, 5, 40, '2025-05-12', 40, 0),
(718, 5, 40, '2025-05-13', 40, 0),
(718, 6, 40, '2025-04-14', 40, 0),
(718, 6, 40, '2025-04-15', 40, 0),
(718, 6, 40, '2025-04-16', 40, 0),
(718, 6, 40, '2025-04-17', 40, 0),
(718, 6, 40, '2025-04-18', 40, 0),
(718, 6, 40, '2025-04-19', 40, 0),
(718, 6, 40, '2025-04-20', 40, 0),
(718, 6, 40, '2025-04-21', 40, 0),
(718, 6, 40, '2025-04-22', 40, 0),
(718, 6, 40, '2025-04-23', 40, 0),
(718, 6, 40, '2025-04-24', 40, 0),
(718, 6, 40, '2025-04-25', 40, 0),
(718, 6, 40, '2025-04-26', 40, 0),
(718, 6, 40, '2025-04-27', 40, 0),
(718, 6, 40, '2025-04-28', 40, 0),
(718, 6, 40, '2025-04-29', 40, 0),
(718, 6, 40, '2025-04-30', 40, 0),
(718, 6, 40, '2025-05-01', 40, 0),
(718, 6, 40, '2025-05-02', 40, 0),
(718, 6, 40, '2025-05-03', 40, 0),
(718, 6, 40, '2025-05-04', 40, 0),
(718, 6, 40, '2025-05-05', 40, 0),
(718, 6, 40, '2025-05-06', 40, 0),
(718, 6, 40, '2025-05-07', 40, 0),
(718, 6, 40, '2025-05-08', 40, 0),
(718, 6, 40, '2025-05-09', 40, 0),
(718, 6, 40, '2025-05-10', 40, 0),
(718, 6, 40, '2025-05-11', 40, 0),
(718, 6, 40, '2025-05-12', 40, 0),
(718, 6, 40, '2025-05-13', 40, 0),
(718, 7, 40, '2025-04-14', 40, 0),
(718, 7, 40, '2025-04-15', 40, 0),
(718, 7, 40, '2025-04-16', 40, 0),
(718, 7, 40, '2025-04-17', 40, 0),
(718, 7, 40, '2025-04-18', 40, 0),
(718, 7, 40, '2025-04-19', 40, 0),
(718, 7, 40, '2025-04-20', 40, 0),
(718, 7, 40, '2025-04-21', 40, 0),
(718, 7, 40, '2025-04-22', 40, 0),
(718, 7, 40, '2025-04-23', 40, 0),
(718, 7, 40, '2025-04-24', 40, 0),
(718, 7, 40, '2025-04-25', 40, 0),
(718, 7, 40, '2025-04-26', 40, 0),
(718, 7, 40, '2025-04-27', 40, 0),
(718, 7, 40, '2025-04-28', 40, 0),
(718, 7, 40, '2025-04-29', 40, 0),
(718, 7, 40, '2025-04-30', 40, 0),
(718, 7, 40, '2025-05-01', 40, 0),
(718, 7, 40, '2025-05-02', 40, 0),
(718, 7, 40, '2025-05-03', 40, 0),
(718, 7, 40, '2025-05-04', 40, 0),
(718, 7, 40, '2025-05-05', 40, 0),
(718, 7, 40, '2025-05-06', 40, 0),
(718, 7, 40, '2025-05-07', 40, 0),
(718, 7, 40, '2025-05-08', 40, 0),
(718, 7, 40, '2025-05-09', 40, 0),
(718, 7, 40, '2025-05-10', 40, 0),
(718, 7, 40, '2025-05-11', 40, 0),
(718, 7, 40, '2025-05-12', 40, 0),
(718, 7, 40, '2025-05-13', 40, 0),
(718, 8, 40, '2025-04-14', 40, 0),
(718, 8, 40, '2025-04-15', 40, 0),
(718, 8, 40, '2025-04-16', 40, 0),
(718, 8, 40, '2025-04-17', 40, 0),
(718, 8, 40, '2025-04-18', 40, 0),
(718, 8, 40, '2025-04-19', 40, 0),
(718, 8, 40, '2025-04-20', 40, 0),
(718, 8, 40, '2025-04-21', 40, 0),
(718, 8, 40, '2025-04-22', 40, 0),
(718, 8, 40, '2025-04-23', 40, 0),
(718, 8, 40, '2025-04-24', 40, 0),
(718, 8, 40, '2025-04-25', 40, 0),
(718, 8, 40, '2025-04-26', 40, 0),
(718, 8, 40, '2025-04-27', 40, 0),
(718, 8, 40, '2025-04-28', 40, 0),
(718, 8, 40, '2025-04-29', 40, 0),
(718, 8, 40, '2025-04-30', 40, 0),
(718, 8, 40, '2025-05-01', 40, 0),
(718, 8, 40, '2025-05-02', 40, 0),
(718, 8, 40, '2025-05-03', 40, 0),
(718, 8, 40, '2025-05-04', 40, 0),
(718, 8, 40, '2025-05-05', 40, 0),
(718, 8, 40, '2025-05-06', 40, 0),
(718, 8, 40, '2025-05-07', 40, 0),
(718, 8, 40, '2025-05-08', 40, 0),
(718, 8, 40, '2025-05-09', 40, 0),
(718, 8, 40, '2025-05-10', 40, 0),
(718, 8, 40, '2025-05-11', 40, 0),
(718, 8, 40, '2025-05-12', 40, 0),
(718, 8, 40, '2025-05-13', 40, 0),
(718, 9, 40, '2025-04-14', 40, 0),
(718, 9, 40, '2025-04-15', 40, 0),
(718, 9, 40, '2025-04-16', 40, 0),
(718, 9, 40, '2025-04-17', 40, 0),
(718, 9, 40, '2025-04-18', 40, 0),
(718, 9, 40, '2025-04-19', 40, 0),
(718, 9, 40, '2025-04-20', 40, 0),
(718, 9, 40, '2025-04-21', 40, 0),
(718, 9, 40, '2025-04-22', 40, 0),
(718, 9, 40, '2025-04-23', 40, 0),
(718, 9, 40, '2025-04-24', 40, 0),
(718, 9, 40, '2025-04-25', 40, 0),
(718, 9, 40, '2025-04-26', 40, 0),
(718, 9, 40, '2025-04-27', 40, 0),
(718, 9, 40, '2025-04-28', 40, 0),
(718, 9, 40, '2025-04-29', 40, 0),
(718, 9, 40, '2025-04-30', 40, 0),
(718, 9, 40, '2025-05-01', 40, 0),
(718, 9, 40, '2025-05-02', 40, 0),
(718, 9, 40, '2025-05-03', 40, 0),
(718, 9, 40, '2025-05-04', 40, 0),
(718, 9, 40, '2025-05-05', 40, 0),
(718, 9, 40, '2025-05-06', 40, 0),
(718, 9, 40, '2025-05-07', 40, 0),
(718, 9, 40, '2025-05-08', 40, 0),
(718, 9, 40, '2025-05-09', 40, 0),
(718, 9, 40, '2025-05-10', 40, 0),
(718, 9, 40, '2025-05-11', 40, 0),
(718, 9, 40, '2025-05-12', 40, 0),
(718, 9, 40, '2025-05-13', 40, 0),
(719, 1, 40, '2025-04-14', 40, 0),
(719, 1, 40, '2025-04-15', 40, 0),
(719, 1, 40, '2025-04-16', 40, 0),
(719, 1, 40, '2025-04-17', 40, 0),
(719, 1, 40, '2025-04-18', 40, 0),
(719, 1, 40, '2025-04-19', 40, 0),
(719, 1, 40, '2025-04-20', 40, 0),
(719, 1, 40, '2025-04-21', 40, 0),
(719, 1, 40, '2025-04-22', 40, 0),
(719, 1, 40, '2025-04-23', 40, 0),
(719, 1, 40, '2025-04-24', 40, 0),
(719, 1, 40, '2025-04-25', 40, 0),
(719, 1, 40, '2025-04-26', 40, 0),
(719, 1, 40, '2025-04-27', 40, 0),
(719, 1, 40, '2025-04-28', 40, 0),
(719, 1, 40, '2025-04-29', 40, 0),
(719, 1, 40, '2025-04-30', 40, 0),
(719, 1, 40, '2025-05-01', 40, 0),
(719, 1, 40, '2025-05-02', 40, 0),
(719, 1, 40, '2025-05-03', 40, 0),
(719, 1, 40, '2025-05-04', 40, 0),
(719, 1, 40, '2025-05-05', 40, 0),
(719, 1, 40, '2025-05-06', 40, 0),
(719, 1, 40, '2025-05-07', 40, 0),
(719, 1, 40, '2025-05-08', 40, 0),
(719, 1, 40, '2025-05-09', 40, 0),
(719, 1, 40, '2025-05-10', 40, 0),
(719, 1, 40, '2025-05-11', 40, 0),
(719, 1, 40, '2025-05-12', 40, 0),
(719, 1, 40, '2025-05-13', 40, 0),
(719, 2, 40, '2025-04-14', 40, 0),
(719, 2, 40, '2025-04-15', 40, 0),
(719, 2, 40, '2025-04-16', 40, 0),
(719, 2, 40, '2025-04-17', 40, 0),
(719, 2, 40, '2025-04-18', 40, 0),
(719, 2, 40, '2025-04-19', 40, 0),
(719, 2, 40, '2025-04-20', 40, 0),
(719, 2, 40, '2025-04-21', 40, 0),
(719, 2, 40, '2025-04-22', 40, 0),
(719, 2, 40, '2025-04-23', 40, 0),
(719, 2, 40, '2025-04-24', 40, 0),
(719, 2, 40, '2025-04-25', 40, 0),
(719, 2, 40, '2025-04-26', 40, 0),
(719, 2, 40, '2025-04-27', 40, 0),
(719, 2, 40, '2025-04-28', 40, 0),
(719, 2, 40, '2025-04-29', 40, 0),
(719, 2, 40, '2025-04-30', 40, 0),
(719, 2, 40, '2025-05-01', 40, 0),
(719, 2, 40, '2025-05-02', 40, 0),
(719, 2, 40, '2025-05-03', 40, 0),
(719, 2, 40, '2025-05-04', 40, 0),
(719, 2, 40, '2025-05-05', 40, 0),
(719, 2, 40, '2025-05-06', 40, 0),
(719, 2, 40, '2025-05-07', 40, 0),
(719, 2, 40, '2025-05-08', 40, 0),
(719, 2, 40, '2025-05-09', 40, 0),
(719, 2, 40, '2025-05-10', 40, 0),
(719, 2, 40, '2025-05-11', 40, 0),
(719, 2, 40, '2025-05-12', 40, 0),
(719, 2, 40, '2025-05-13', 40, 0),
(719, 3, 40, '2025-04-14', 40, 0),
(719, 3, 40, '2025-04-15', 40, 0),
(719, 3, 40, '2025-04-16', 40, 0),
(719, 3, 40, '2025-04-17', 40, 0),
(719, 3, 40, '2025-04-18', 40, 0),
(719, 3, 40, '2025-04-19', 40, 0),
(719, 3, 40, '2025-04-20', 40, 0),
(719, 3, 40, '2025-04-21', 40, 0),
(719, 3, 40, '2025-04-22', 40, 0),
(719, 3, 40, '2025-04-23', 40, 0),
(719, 3, 40, '2025-04-24', 40, 0),
(719, 3, 40, '2025-04-25', 40, 0),
(719, 3, 40, '2025-04-26', 40, 0),
(719, 3, 40, '2025-04-27', 40, 0),
(719, 3, 40, '2025-04-28', 40, 0),
(719, 3, 40, '2025-04-29', 40, 0),
(719, 3, 40, '2025-04-30', 40, 0),
(719, 3, 40, '2025-05-01', 40, 0),
(719, 3, 40, '2025-05-02', 40, 0),
(719, 3, 40, '2025-05-03', 40, 0),
(719, 3, 40, '2025-05-04', 40, 0),
(719, 3, 40, '2025-05-05', 40, 0),
(719, 3, 40, '2025-05-06', 40, 0),
(719, 3, 40, '2025-05-07', 40, 0),
(719, 3, 40, '2025-05-08', 40, 0),
(719, 3, 40, '2025-05-09', 40, 0),
(719, 3, 40, '2025-05-10', 40, 0),
(719, 3, 40, '2025-05-11', 40, 0),
(719, 3, 40, '2025-05-12', 40, 0),
(719, 3, 40, '2025-05-13', 40, 0),
(719, 4, 40, '2025-04-14', 40, 0),
(719, 4, 40, '2025-04-15', 40, 0),
(719, 4, 40, '2025-04-16', 40, 0),
(719, 4, 40, '2025-04-17', 40, 0),
(719, 4, 40, '2025-04-18', 40, 0),
(719, 4, 40, '2025-04-19', 40, 0),
(719, 4, 40, '2025-04-20', 40, 0),
(719, 4, 40, '2025-04-21', 40, 0),
(719, 4, 40, '2025-04-22', 40, 0),
(719, 4, 40, '2025-04-23', 40, 0),
(719, 4, 40, '2025-04-24', 40, 0),
(719, 4, 40, '2025-04-25', 40, 0),
(719, 4, 40, '2025-04-26', 40, 0),
(719, 4, 40, '2025-04-27', 40, 0),
(719, 4, 40, '2025-04-28', 40, 0),
(719, 4, 40, '2025-04-29', 40, 0),
(719, 4, 40, '2025-04-30', 40, 0),
(719, 4, 40, '2025-05-01', 40, 0),
(719, 4, 40, '2025-05-02', 40, 0),
(719, 4, 40, '2025-05-03', 40, 0),
(719, 4, 40, '2025-05-04', 40, 0),
(719, 4, 40, '2025-05-05', 40, 0),
(719, 4, 40, '2025-05-06', 40, 0),
(719, 4, 40, '2025-05-07', 40, 0),
(719, 4, 40, '2025-05-08', 40, 0),
(719, 4, 40, '2025-05-09', 40, 0),
(719, 4, 40, '2025-05-10', 40, 0),
(719, 4, 40, '2025-05-11', 40, 0),
(719, 4, 40, '2025-05-12', 40, 0),
(719, 4, 40, '2025-05-13', 40, 0),
(719, 5, 40, '2025-04-14', 40, 0),
(719, 5, 40, '2025-04-15', 40, 0),
(719, 5, 40, '2025-04-16', 40, 0),
(719, 5, 40, '2025-04-17', 40, 0),
(719, 5, 40, '2025-04-18', 40, 0),
(719, 5, 40, '2025-04-19', 40, 0),
(719, 5, 40, '2025-04-20', 40, 0),
(719, 5, 40, '2025-04-21', 40, 0),
(719, 5, 40, '2025-04-22', 40, 0),
(719, 5, 40, '2025-04-23', 40, 0),
(719, 5, 40, '2025-04-24', 40, 0),
(719, 5, 40, '2025-04-25', 40, 0),
(719, 5, 40, '2025-04-26', 40, 0),
(719, 5, 40, '2025-04-27', 40, 0),
(719, 5, 40, '2025-04-28', 40, 0),
(719, 5, 40, '2025-04-29', 40, 0),
(719, 5, 40, '2025-04-30', 40, 0),
(719, 5, 40, '2025-05-01', 40, 0),
(719, 5, 40, '2025-05-02', 40, 0),
(719, 5, 40, '2025-05-03', 40, 0),
(719, 5, 40, '2025-05-04', 40, 0),
(719, 5, 40, '2025-05-05', 40, 0),
(719, 5, 40, '2025-05-06', 40, 0),
(719, 5, 40, '2025-05-07', 40, 0),
(719, 5, 40, '2025-05-08', 40, 0),
(719, 5, 40, '2025-05-09', 40, 0),
(719, 5, 40, '2025-05-10', 40, 0),
(719, 5, 40, '2025-05-11', 40, 0),
(719, 5, 40, '2025-05-12', 40, 0),
(719, 5, 40, '2025-05-13', 40, 0),
(719, 6, 40, '2025-04-14', 40, 0),
(719, 6, 40, '2025-04-15', 40, 0),
(719, 6, 40, '2025-04-16', 40, 0),
(719, 6, 40, '2025-04-17', 40, 0),
(719, 6, 40, '2025-04-18', 40, 0),
(719, 6, 40, '2025-04-19', 40, 0),
(719, 6, 40, '2025-04-20', 40, 0),
(719, 6, 40, '2025-04-21', 40, 0),
(719, 6, 40, '2025-04-22', 40, 0),
(719, 6, 40, '2025-04-23', 40, 0),
(719, 6, 40, '2025-04-24', 40, 0),
(719, 6, 40, '2025-04-25', 40, 0),
(719, 6, 40, '2025-04-26', 40, 0),
(719, 6, 40, '2025-04-27', 40, 0),
(719, 6, 40, '2025-04-28', 40, 0),
(719, 6, 40, '2025-04-29', 40, 0),
(719, 6, 40, '2025-04-30', 40, 0),
(719, 6, 40, '2025-05-01', 40, 0),
(719, 6, 40, '2025-05-02', 40, 0),
(719, 6, 40, '2025-05-03', 40, 0),
(719, 6, 40, '2025-05-04', 40, 0),
(719, 6, 40, '2025-05-05', 40, 0),
(719, 6, 40, '2025-05-06', 40, 0),
(719, 6, 40, '2025-05-07', 40, 0),
(719, 6, 40, '2025-05-08', 40, 0),
(719, 6, 40, '2025-05-09', 40, 0),
(719, 6, 40, '2025-05-10', 40, 0),
(719, 6, 40, '2025-05-11', 40, 0),
(719, 6, 40, '2025-05-12', 40, 0),
(719, 6, 40, '2025-05-13', 40, 0),
(719, 7, 40, '2025-04-14', 40, 0),
(719, 7, 40, '2025-04-15', 40, 0),
(719, 7, 40, '2025-04-16', 40, 0),
(719, 7, 40, '2025-04-17', 40, 0),
(719, 7, 40, '2025-04-18', 40, 0),
(719, 7, 40, '2025-04-19', 40, 0),
(719, 7, 40, '2025-04-20', 40, 0),
(719, 7, 40, '2025-04-21', 40, 0),
(719, 7, 40, '2025-04-22', 40, 0),
(719, 7, 40, '2025-04-23', 40, 0),
(719, 7, 40, '2025-04-24', 40, 0),
(719, 7, 40, '2025-04-25', 40, 0),
(719, 7, 40, '2025-04-26', 40, 0),
(719, 7, 40, '2025-04-27', 40, 0),
(719, 7, 40, '2025-04-28', 40, 0),
(719, 7, 40, '2025-04-29', 40, 0),
(719, 7, 40, '2025-04-30', 40, 0),
(719, 7, 40, '2025-05-01', 40, 0),
(719, 7, 40, '2025-05-02', 40, 0),
(719, 7, 40, '2025-05-03', 40, 0),
(719, 7, 40, '2025-05-04', 40, 0),
(719, 7, 40, '2025-05-05', 40, 0),
(719, 7, 40, '2025-05-06', 40, 0),
(719, 7, 40, '2025-05-07', 40, 0),
(719, 7, 40, '2025-05-08', 40, 0),
(719, 7, 40, '2025-05-09', 40, 0),
(719, 7, 40, '2025-05-10', 40, 0),
(719, 7, 40, '2025-05-11', 40, 0),
(719, 7, 40, '2025-05-12', 40, 0),
(719, 7, 40, '2025-05-13', 40, 0),
(719, 8, 40, '2025-04-14', 40, 0),
(719, 8, 40, '2025-04-15', 40, 0),
(719, 8, 40, '2025-04-16', 40, 0),
(719, 8, 40, '2025-04-17', 40, 0),
(719, 8, 40, '2025-04-18', 40, 0),
(719, 8, 40, '2025-04-19', 40, 0),
(719, 8, 40, '2025-04-20', 40, 0),
(719, 8, 40, '2025-04-21', 40, 0),
(719, 8, 40, '2025-04-22', 40, 0),
(719, 8, 40, '2025-04-23', 40, 0),
(719, 8, 40, '2025-04-24', 40, 0),
(719, 8, 40, '2025-04-25', 40, 0),
(719, 8, 40, '2025-04-26', 40, 0),
(719, 8, 40, '2025-04-27', 40, 0),
(719, 8, 40, '2025-04-28', 40, 0),
(719, 8, 40, '2025-04-29', 40, 0),
(719, 8, 40, '2025-04-30', 40, 0),
(719, 8, 40, '2025-05-01', 40, 0),
(719, 8, 40, '2025-05-02', 40, 0),
(719, 8, 40, '2025-05-03', 40, 0),
(719, 8, 40, '2025-05-04', 40, 0),
(719, 8, 40, '2025-05-05', 40, 0),
(719, 8, 40, '2025-05-06', 40, 0),
(719, 8, 40, '2025-05-07', 40, 0),
(719, 8, 40, '2025-05-08', 40, 0),
(719, 8, 40, '2025-05-09', 40, 0),
(719, 8, 40, '2025-05-10', 40, 0),
(719, 8, 40, '2025-05-11', 40, 0),
(719, 8, 40, '2025-05-12', 40, 0),
(719, 8, 40, '2025-05-13', 40, 0),
(719, 9, 40, '2025-04-14', 40, 0),
(719, 9, 40, '2025-04-15', 40, 0),
(719, 9, 40, '2025-04-16', 40, 0),
(719, 9, 40, '2025-04-17', 40, 0),
(719, 9, 40, '2025-04-18', 40, 0),
(719, 9, 40, '2025-04-19', 40, 0),
(719, 9, 40, '2025-04-20', 40, 0),
(719, 9, 40, '2025-04-21', 40, 0),
(719, 9, 40, '2025-04-22', 40, 0),
(719, 9, 40, '2025-04-23', 40, 0),
(719, 9, 40, '2025-04-24', 40, 0),
(719, 9, 40, '2025-04-25', 40, 0),
(719, 9, 40, '2025-04-26', 40, 0),
(719, 9, 40, '2025-04-27', 40, 0),
(719, 9, 40, '2025-04-28', 40, 0),
(719, 9, 40, '2025-04-29', 40, 0),
(719, 9, 40, '2025-04-30', 40, 0),
(719, 9, 40, '2025-05-01', 40, 0),
(719, 9, 40, '2025-05-02', 40, 0),
(719, 9, 40, '2025-05-03', 40, 0),
(719, 9, 40, '2025-05-04', 40, 0),
(719, 9, 40, '2025-05-05', 40, 0),
(719, 9, 40, '2025-05-06', 40, 0),
(719, 9, 40, '2025-05-07', 40, 0),
(719, 9, 40, '2025-05-08', 40, 0),
(719, 9, 40, '2025-05-09', 40, 0),
(719, 9, 40, '2025-05-10', 40, 0),
(719, 9, 40, '2025-05-11', 40, 0),
(719, 9, 40, '2025-05-12', 40, 0),
(719, 9, 40, '2025-05-13', 40, 0),
(720, 1, 40, '2025-04-14', 40, 0),
(720, 1, 40, '2025-04-15', 40, 0),
(720, 1, 40, '2025-04-16', 40, 0),
(720, 1, 40, '2025-04-17', 40, 0),
(720, 1, 40, '2025-04-18', 40, 0),
(720, 1, 40, '2025-04-19', 40, 0),
(720, 1, 40, '2025-04-20', 40, 0),
(720, 1, 40, '2025-04-21', 40, 0),
(720, 1, 40, '2025-04-22', 40, 0),
(720, 1, 40, '2025-04-23', 40, 0),
(720, 1, 40, '2025-04-24', 40, 0),
(720, 1, 40, '2025-04-25', 40, 0),
(720, 1, 40, '2025-04-26', 40, 0),
(720, 1, 40, '2025-04-27', 40, 0),
(720, 1, 40, '2025-04-28', 40, 0),
(720, 1, 40, '2025-04-29', 40, 0),
(720, 1, 40, '2025-04-30', 40, 0),
(720, 1, 40, '2025-05-01', 40, 0),
(720, 1, 40, '2025-05-02', 40, 0),
(720, 1, 40, '2025-05-03', 40, 0),
(720, 1, 40, '2025-05-04', 40, 0),
(720, 1, 40, '2025-05-05', 40, 0),
(720, 1, 40, '2025-05-06', 40, 0),
(720, 1, 40, '2025-05-07', 40, 0),
(720, 1, 40, '2025-05-08', 40, 0),
(720, 1, 40, '2025-05-09', 40, 0),
(720, 1, 40, '2025-05-10', 40, 0),
(720, 1, 40, '2025-05-11', 40, 0),
(720, 1, 40, '2025-05-12', 40, 0),
(720, 1, 40, '2025-05-13', 40, 0),
(720, 2, 40, '2025-04-14', 40, 0),
(720, 2, 40, '2025-04-15', 40, 0),
(720, 2, 40, '2025-04-16', 40, 0),
(720, 2, 40, '2025-04-17', 40, 0),
(720, 2, 40, '2025-04-18', 40, 0),
(720, 2, 40, '2025-04-19', 40, 0),
(720, 2, 40, '2025-04-20', 40, 0),
(720, 2, 40, '2025-04-21', 40, 0),
(720, 2, 40, '2025-04-22', 40, 0),
(720, 2, 40, '2025-04-23', 40, 0),
(720, 2, 40, '2025-04-24', 40, 0),
(720, 2, 40, '2025-04-25', 40, 0),
(720, 2, 40, '2025-04-26', 40, 0),
(720, 2, 40, '2025-04-27', 40, 0),
(720, 2, 40, '2025-04-28', 40, 0),
(720, 2, 40, '2025-04-29', 40, 0),
(720, 2, 40, '2025-04-30', 40, 0),
(720, 2, 40, '2025-05-01', 40, 0),
(720, 2, 40, '2025-05-02', 40, 0),
(720, 2, 40, '2025-05-03', 40, 0),
(720, 2, 40, '2025-05-04', 40, 0),
(720, 2, 40, '2025-05-05', 40, 0),
(720, 2, 40, '2025-05-06', 40, 0),
(720, 2, 40, '2025-05-07', 40, 0),
(720, 2, 40, '2025-05-08', 40, 0),
(720, 2, 40, '2025-05-09', 40, 0),
(720, 2, 40, '2025-05-10', 40, 0),
(720, 2, 40, '2025-05-11', 40, 0),
(720, 2, 40, '2025-05-12', 40, 0),
(720, 2, 40, '2025-05-13', 40, 0),
(720, 3, 40, '2025-04-14', 40, 0),
(720, 3, 40, '2025-04-15', 40, 0),
(720, 3, 40, '2025-04-16', 40, 0),
(720, 3, 40, '2025-04-17', 40, 0),
(720, 3, 40, '2025-04-18', 40, 0),
(720, 3, 40, '2025-04-19', 40, 0),
(720, 3, 40, '2025-04-20', 40, 0),
(720, 3, 40, '2025-04-21', 40, 0),
(720, 3, 40, '2025-04-22', 40, 0),
(720, 3, 40, '2025-04-23', 40, 0),
(720, 3, 40, '2025-04-24', 40, 0),
(720, 3, 40, '2025-04-25', 40, 0),
(720, 3, 40, '2025-04-26', 40, 0),
(720, 3, 40, '2025-04-27', 40, 0),
(720, 3, 40, '2025-04-28', 40, 0),
(720, 3, 40, '2025-04-29', 40, 0),
(720, 3, 40, '2025-04-30', 40, 0),
(720, 3, 40, '2025-05-01', 40, 0),
(720, 3, 40, '2025-05-02', 40, 0),
(720, 3, 40, '2025-05-03', 40, 0),
(720, 3, 40, '2025-05-04', 40, 0),
(720, 3, 40, '2025-05-05', 40, 0),
(720, 3, 40, '2025-05-06', 40, 0),
(720, 3, 40, '2025-05-07', 40, 0),
(720, 3, 40, '2025-05-08', 40, 0),
(720, 3, 40, '2025-05-09', 40, 0),
(720, 3, 40, '2025-05-10', 40, 0),
(720, 3, 40, '2025-05-11', 40, 0),
(720, 3, 40, '2025-05-12', 40, 0),
(720, 3, 40, '2025-05-13', 40, 0),
(720, 4, 40, '2025-04-14', 40, 0),
(720, 4, 40, '2025-04-15', 40, 0),
(720, 4, 40, '2025-04-16', 40, 0),
(720, 4, 40, '2025-04-17', 40, 0),
(720, 4, 40, '2025-04-18', 40, 0),
(720, 4, 40, '2025-04-19', 40, 0),
(720, 4, 40, '2025-04-20', 40, 0),
(720, 4, 40, '2025-04-21', 40, 0),
(720, 4, 40, '2025-04-22', 40, 0),
(720, 4, 40, '2025-04-23', 40, 0),
(720, 4, 40, '2025-04-24', 40, 0),
(720, 4, 40, '2025-04-25', 40, 0),
(720, 4, 40, '2025-04-26', 40, 0),
(720, 4, 40, '2025-04-27', 40, 0),
(720, 4, 40, '2025-04-28', 40, 0),
(720, 4, 40, '2025-04-29', 40, 0),
(720, 4, 40, '2025-04-30', 40, 0),
(720, 4, 40, '2025-05-01', 40, 0),
(720, 4, 40, '2025-05-02', 40, 0),
(720, 4, 40, '2025-05-03', 40, 0),
(720, 4, 40, '2025-05-04', 40, 0),
(720, 4, 40, '2025-05-05', 40, 0),
(720, 4, 40, '2025-05-06', 40, 0),
(720, 4, 40, '2025-05-07', 40, 0),
(720, 4, 40, '2025-05-08', 40, 0),
(720, 4, 40, '2025-05-09', 40, 0),
(720, 4, 40, '2025-05-10', 40, 0),
(720, 4, 40, '2025-05-11', 40, 0),
(720, 4, 40, '2025-05-12', 40, 0),
(720, 4, 40, '2025-05-13', 40, 0),
(720, 5, 40, '2025-04-14', 40, 0),
(720, 5, 40, '2025-04-15', 40, 0),
(720, 5, 40, '2025-04-16', 40, 0),
(720, 5, 40, '2025-04-17', 40, 0),
(720, 5, 40, '2025-04-18', 40, 0),
(720, 5, 40, '2025-04-19', 40, 0),
(720, 5, 40, '2025-04-20', 40, 0),
(720, 5, 40, '2025-04-21', 40, 0),
(720, 5, 40, '2025-04-22', 40, 0),
(720, 5, 40, '2025-04-23', 40, 0),
(720, 5, 40, '2025-04-24', 40, 0),
(720, 5, 40, '2025-04-25', 40, 0),
(720, 5, 40, '2025-04-26', 40, 0),
(720, 5, 40, '2025-04-27', 40, 0),
(720, 5, 40, '2025-04-28', 40, 0),
(720, 5, 40, '2025-04-29', 40, 0),
(720, 5, 40, '2025-04-30', 40, 0),
(720, 5, 40, '2025-05-01', 40, 0),
(720, 5, 40, '2025-05-02', 40, 0),
(720, 5, 40, '2025-05-03', 40, 0),
(720, 5, 40, '2025-05-04', 40, 0),
(720, 5, 40, '2025-05-05', 40, 0),
(720, 5, 40, '2025-05-06', 40, 0),
(720, 5, 40, '2025-05-07', 40, 0),
(720, 5, 40, '2025-05-08', 40, 0),
(720, 5, 40, '2025-05-09', 40, 0),
(720, 5, 40, '2025-05-10', 40, 0),
(720, 5, 40, '2025-05-11', 40, 0),
(720, 5, 40, '2025-05-12', 40, 0),
(720, 5, 40, '2025-05-13', 40, 0),
(720, 6, 40, '2025-04-14', 40, 0),
(720, 6, 40, '2025-04-15', 40, 0),
(720, 6, 40, '2025-04-16', 40, 0),
(720, 6, 40, '2025-04-17', 40, 0),
(720, 6, 40, '2025-04-18', 40, 0),
(720, 6, 40, '2025-04-19', 40, 0),
(720, 6, 40, '2025-04-20', 40, 0),
(720, 6, 40, '2025-04-21', 40, 0),
(720, 6, 40, '2025-04-22', 40, 0),
(720, 6, 40, '2025-04-23', 40, 0),
(720, 6, 40, '2025-04-24', 40, 0),
(720, 6, 40, '2025-04-25', 40, 0),
(720, 6, 40, '2025-04-26', 40, 0),
(720, 6, 40, '2025-04-27', 40, 0),
(720, 6, 40, '2025-04-28', 40, 0),
(720, 6, 40, '2025-04-29', 40, 0),
(720, 6, 40, '2025-04-30', 40, 0),
(720, 6, 40, '2025-05-01', 40, 0),
(720, 6, 40, '2025-05-02', 40, 0),
(720, 6, 40, '2025-05-03', 40, 0),
(720, 6, 40, '2025-05-04', 40, 0),
(720, 6, 40, '2025-05-05', 40, 0),
(720, 6, 40, '2025-05-06', 40, 0),
(720, 6, 40, '2025-05-07', 40, 0),
(720, 6, 40, '2025-05-08', 40, 0),
(720, 6, 40, '2025-05-09', 40, 0),
(720, 6, 40, '2025-05-10', 40, 0),
(720, 6, 40, '2025-05-11', 40, 0),
(720, 6, 40, '2025-05-12', 40, 0),
(720, 6, 40, '2025-05-13', 40, 0),
(720, 7, 40, '2025-04-14', 40, 0),
(720, 7, 40, '2025-04-15', 40, 0),
(720, 7, 40, '2025-04-16', 40, 0),
(720, 7, 40, '2025-04-17', 40, 0),
(720, 7, 40, '2025-04-18', 40, 0),
(720, 7, 40, '2025-04-19', 40, 0),
(720, 7, 40, '2025-04-20', 40, 0),
(720, 7, 40, '2025-04-21', 40, 0),
(720, 7, 40, '2025-04-22', 40, 0),
(720, 7, 40, '2025-04-23', 40, 0),
(720, 7, 40, '2025-04-24', 40, 0),
(720, 7, 40, '2025-04-25', 40, 0),
(720, 7, 40, '2025-04-26', 40, 0),
(720, 7, 40, '2025-04-27', 40, 0),
(720, 7, 40, '2025-04-28', 40, 0),
(720, 7, 40, '2025-04-29', 40, 0),
(720, 7, 40, '2025-04-30', 40, 0),
(720, 7, 40, '2025-05-01', 40, 0),
(720, 7, 40, '2025-05-02', 40, 0),
(720, 7, 40, '2025-05-03', 40, 0),
(720, 7, 40, '2025-05-04', 40, 0),
(720, 7, 40, '2025-05-05', 40, 0),
(720, 7, 40, '2025-05-06', 40, 0),
(720, 7, 40, '2025-05-07', 40, 0),
(720, 7, 40, '2025-05-08', 40, 0),
(720, 7, 40, '2025-05-09', 40, 0),
(720, 7, 40, '2025-05-10', 40, 0),
(720, 7, 40, '2025-05-11', 40, 0),
(720, 7, 40, '2025-05-12', 40, 0),
(720, 7, 40, '2025-05-13', 40, 0),
(720, 8, 40, '2025-04-14', 40, 0),
(720, 8, 40, '2025-04-15', 40, 0),
(720, 8, 40, '2025-04-16', 40, 0),
(720, 8, 40, '2025-04-17', 40, 0),
(720, 8, 40, '2025-04-18', 40, 0),
(720, 8, 40, '2025-04-19', 40, 0),
(720, 8, 40, '2025-04-20', 40, 0),
(720, 8, 40, '2025-04-21', 40, 0),
(720, 8, 40, '2025-04-22', 40, 0),
(720, 8, 40, '2025-04-23', 40, 0),
(720, 8, 40, '2025-04-24', 40, 0),
(720, 8, 40, '2025-04-25', 40, 0),
(720, 8, 40, '2025-04-26', 40, 0),
(720, 8, 40, '2025-04-27', 40, 0),
(720, 8, 40, '2025-04-28', 40, 0),
(720, 8, 40, '2025-04-29', 40, 0),
(720, 8, 40, '2025-04-30', 40, 0),
(720, 8, 40, '2025-05-01', 40, 0),
(720, 8, 40, '2025-05-02', 40, 0),
(720, 8, 40, '2025-05-03', 40, 0),
(720, 8, 40, '2025-05-04', 40, 0),
(720, 8, 40, '2025-05-05', 40, 0),
(720, 8, 40, '2025-05-06', 40, 0),
(720, 8, 40, '2025-05-07', 40, 0),
(720, 8, 40, '2025-05-08', 40, 0),
(720, 8, 40, '2025-05-09', 40, 0),
(720, 8, 40, '2025-05-10', 40, 0),
(720, 8, 40, '2025-05-11', 40, 0),
(720, 8, 40, '2025-05-12', 40, 0),
(720, 8, 40, '2025-05-13', 40, 0),
(720, 9, 40, '2025-04-14', 40, 0),
(720, 9, 40, '2025-04-15', 40, 0),
(720, 9, 40, '2025-04-16', 40, 0),
(720, 9, 40, '2025-04-17', 40, 0),
(720, 9, 40, '2025-04-18', 40, 0),
(720, 9, 40, '2025-04-19', 40, 0),
(720, 9, 40, '2025-04-20', 40, 0),
(720, 9, 40, '2025-04-21', 40, 0),
(720, 9, 40, '2025-04-22', 40, 0),
(720, 9, 40, '2025-04-23', 40, 0),
(720, 9, 40, '2025-04-24', 40, 0),
(720, 9, 40, '2025-04-25', 40, 0),
(720, 9, 40, '2025-04-26', 40, 0),
(720, 9, 40, '2025-04-27', 40, 0),
(720, 9, 40, '2025-04-28', 40, 0),
(720, 9, 40, '2025-04-29', 40, 0),
(720, 9, 40, '2025-04-30', 40, 0),
(720, 9, 40, '2025-05-01', 40, 0),
(720, 9, 40, '2025-05-02', 40, 0),
(720, 9, 40, '2025-05-03', 40, 0),
(720, 9, 40, '2025-05-04', 40, 0),
(720, 9, 40, '2025-05-05', 40, 0),
(720, 9, 40, '2025-05-06', 40, 0),
(720, 9, 40, '2025-05-07', 40, 0),
(720, 9, 40, '2025-05-08', 40, 0),
(720, 9, 40, '2025-05-09', 40, 0),
(720, 9, 40, '2025-05-10', 40, 0),
(720, 9, 40, '2025-05-11', 40, 0),
(720, 9, 40, '2025-05-12', 40, 0),
(720, 9, 40, '2025-05-13', 40, 0),
(721, 1, 40, '2025-04-14', 40, 0),
(721, 1, 40, '2025-04-15', 40, 0),
(721, 1, 40, '2025-04-16', 40, 0),
(721, 1, 40, '2025-04-17', 40, 0),
(721, 1, 40, '2025-04-18', 40, 0),
(721, 1, 40, '2025-04-19', 40, 0),
(721, 1, 40, '2025-04-20', 40, 0),
(721, 1, 40, '2025-04-21', 40, 0),
(721, 1, 40, '2025-04-22', 40, 0),
(721, 1, 40, '2025-04-23', 40, 0),
(721, 1, 40, '2025-04-24', 40, 0),
(721, 1, 40, '2025-04-25', 40, 0),
(721, 1, 40, '2025-04-26', 40, 0),
(721, 1, 40, '2025-04-27', 40, 0),
(721, 1, 40, '2025-04-28', 40, 0),
(721, 1, 40, '2025-04-29', 40, 0),
(721, 1, 40, '2025-04-30', 40, 0),
(721, 1, 40, '2025-05-01', 40, 0),
(721, 1, 40, '2025-05-02', 40, 0),
(721, 1, 40, '2025-05-03', 40, 0),
(721, 1, 40, '2025-05-04', 40, 0),
(721, 1, 40, '2025-05-05', 40, 0),
(721, 1, 40, '2025-05-06', 40, 0),
(721, 1, 40, '2025-05-07', 40, 0),
(721, 1, 40, '2025-05-08', 40, 0),
(721, 1, 40, '2025-05-09', 40, 0),
(721, 1, 40, '2025-05-10', 40, 0),
(721, 1, 40, '2025-05-11', 40, 0),
(721, 1, 40, '2025-05-12', 40, 0),
(721, 1, 40, '2025-05-13', 40, 0),
(721, 2, 40, '2025-04-14', 40, 0),
(721, 2, 40, '2025-04-15', 40, 0),
(721, 2, 40, '2025-04-16', 40, 0),
(721, 2, 40, '2025-04-17', 40, 0),
(721, 2, 40, '2025-04-18', 40, 0),
(721, 2, 40, '2025-04-19', 40, 0),
(721, 2, 40, '2025-04-20', 40, 0),
(721, 2, 40, '2025-04-21', 40, 0),
(721, 2, 40, '2025-04-22', 40, 0),
(721, 2, 40, '2025-04-23', 40, 0),
(721, 2, 40, '2025-04-24', 40, 0),
(721, 2, 40, '2025-04-25', 40, 0),
(721, 2, 40, '2025-04-26', 40, 0),
(721, 2, 40, '2025-04-27', 40, 0),
(721, 2, 40, '2025-04-28', 40, 0),
(721, 2, 40, '2025-04-29', 40, 0),
(721, 2, 40, '2025-04-30', 40, 0),
(721, 2, 40, '2025-05-01', 40, 0),
(721, 2, 40, '2025-05-02', 40, 0),
(721, 2, 40, '2025-05-03', 40, 0),
(721, 2, 40, '2025-05-04', 40, 0),
(721, 2, 40, '2025-05-05', 40, 0),
(721, 2, 40, '2025-05-06', 40, 0),
(721, 2, 40, '2025-05-07', 40, 0),
(721, 2, 40, '2025-05-08', 40, 0),
(721, 2, 40, '2025-05-09', 40, 0),
(721, 2, 40, '2025-05-10', 40, 0),
(721, 2, 40, '2025-05-11', 40, 0),
(721, 2, 40, '2025-05-12', 40, 0),
(721, 2, 40, '2025-05-13', 40, 0),
(721, 3, 40, '2025-04-14', 40, 0),
(721, 3, 40, '2025-04-15', 40, 0),
(721, 3, 40, '2025-04-16', 40, 0),
(721, 3, 40, '2025-04-17', 40, 0),
(721, 3, 40, '2025-04-18', 40, 0),
(721, 3, 40, '2025-04-19', 40, 0),
(721, 3, 40, '2025-04-20', 40, 0),
(721, 3, 40, '2025-04-21', 40, 0),
(721, 3, 40, '2025-04-22', 40, 0),
(721, 3, 40, '2025-04-23', 40, 0),
(721, 3, 40, '2025-04-24', 40, 0),
(721, 3, 40, '2025-04-25', 40, 0),
(721, 3, 40, '2025-04-26', 40, 0),
(721, 3, 40, '2025-04-27', 40, 0),
(721, 3, 40, '2025-04-28', 40, 0),
(721, 3, 40, '2025-04-29', 40, 0),
(721, 3, 40, '2025-04-30', 40, 0),
(721, 3, 40, '2025-05-01', 40, 0),
(721, 3, 40, '2025-05-02', 40, 0),
(721, 3, 40, '2025-05-03', 40, 0),
(721, 3, 40, '2025-05-04', 40, 0),
(721, 3, 40, '2025-05-05', 40, 0),
(721, 3, 40, '2025-05-06', 40, 0),
(721, 3, 40, '2025-05-07', 40, 0),
(721, 3, 40, '2025-05-08', 40, 0),
(721, 3, 40, '2025-05-09', 40, 0),
(721, 3, 40, '2025-05-10', 40, 0),
(721, 3, 40, '2025-05-11', 40, 0),
(721, 3, 40, '2025-05-12', 40, 0),
(721, 3, 40, '2025-05-13', 40, 0),
(721, 4, 40, '2025-04-14', 40, 0),
(721, 4, 40, '2025-04-15', 40, 0),
(721, 4, 40, '2025-04-16', 40, 0),
(721, 4, 40, '2025-04-17', 40, 0),
(721, 4, 40, '2025-04-18', 40, 0),
(721, 4, 40, '2025-04-19', 40, 0),
(721, 4, 40, '2025-04-20', 40, 0),
(721, 4, 40, '2025-04-21', 40, 0),
(721, 4, 40, '2025-04-22', 40, 0),
(721, 4, 40, '2025-04-23', 40, 0),
(721, 4, 40, '2025-04-24', 40, 0),
(721, 4, 40, '2025-04-25', 40, 0),
(721, 4, 40, '2025-04-26', 40, 0),
(721, 4, 40, '2025-04-27', 40, 0),
(721, 4, 40, '2025-04-28', 40, 0),
(721, 4, 40, '2025-04-29', 40, 0),
(721, 4, 40, '2025-04-30', 40, 0),
(721, 4, 40, '2025-05-01', 40, 0),
(721, 4, 40, '2025-05-02', 40, 0),
(721, 4, 40, '2025-05-03', 40, 0),
(721, 4, 40, '2025-05-04', 40, 0),
(721, 4, 40, '2025-05-05', 40, 0),
(721, 4, 40, '2025-05-06', 40, 0),
(721, 4, 40, '2025-05-07', 40, 0),
(721, 4, 40, '2025-05-08', 40, 0),
(721, 4, 40, '2025-05-09', 40, 0),
(721, 4, 40, '2025-05-10', 40, 0),
(721, 4, 40, '2025-05-11', 40, 0),
(721, 4, 40, '2025-05-12', 40, 0),
(721, 4, 40, '2025-05-13', 40, 0),
(721, 5, 40, '2025-04-14', 40, 0),
(721, 5, 40, '2025-04-15', 40, 0),
(721, 5, 40, '2025-04-16', 40, 0),
(721, 5, 40, '2025-04-17', 40, 0),
(721, 5, 40, '2025-04-18', 40, 0),
(721, 5, 40, '2025-04-19', 40, 0),
(721, 5, 40, '2025-04-20', 40, 0),
(721, 5, 40, '2025-04-21', 40, 0),
(721, 5, 40, '2025-04-22', 40, 0),
(721, 5, 40, '2025-04-23', 40, 0),
(721, 5, 40, '2025-04-24', 40, 0),
(721, 5, 40, '2025-04-25', 40, 0),
(721, 5, 40, '2025-04-26', 40, 0),
(721, 5, 40, '2025-04-27', 40, 0),
(721, 5, 40, '2025-04-28', 40, 0),
(721, 5, 40, '2025-04-29', 40, 0),
(721, 5, 40, '2025-04-30', 40, 0),
(721, 5, 40, '2025-05-01', 40, 0),
(721, 5, 40, '2025-05-02', 40, 0),
(721, 5, 40, '2025-05-03', 40, 0),
(721, 5, 40, '2025-05-04', 40, 0),
(721, 5, 40, '2025-05-05', 40, 0),
(721, 5, 40, '2025-05-06', 40, 0),
(721, 5, 40, '2025-05-07', 40, 0),
(721, 5, 40, '2025-05-08', 40, 0),
(721, 5, 40, '2025-05-09', 40, 0),
(721, 5, 40, '2025-05-10', 40, 0),
(721, 5, 40, '2025-05-11', 40, 0),
(721, 5, 40, '2025-05-12', 40, 0),
(721, 5, 40, '2025-05-13', 40, 0),
(721, 6, 40, '2025-04-14', 40, 0),
(721, 6, 40, '2025-04-15', 40, 0),
(721, 6, 40, '2025-04-16', 40, 0),
(721, 6, 40, '2025-04-17', 40, 0),
(721, 6, 40, '2025-04-18', 40, 0),
(721, 6, 40, '2025-04-19', 40, 0),
(721, 6, 40, '2025-04-20', 40, 0),
(721, 6, 40, '2025-04-21', 40, 0),
(721, 6, 40, '2025-04-22', 40, 0),
(721, 6, 40, '2025-04-23', 40, 0),
(721, 6, 40, '2025-04-24', 40, 0),
(721, 6, 40, '2025-04-25', 40, 0),
(721, 6, 40, '2025-04-26', 40, 0),
(721, 6, 40, '2025-04-27', 40, 0),
(721, 6, 40, '2025-04-28', 40, 0),
(721, 6, 40, '2025-04-29', 40, 0),
(721, 6, 40, '2025-04-30', 40, 0),
(721, 6, 40, '2025-05-01', 40, 0),
(721, 6, 40, '2025-05-02', 40, 0),
(721, 6, 40, '2025-05-03', 40, 0),
(721, 6, 40, '2025-05-04', 40, 0),
(721, 6, 40, '2025-05-05', 40, 0),
(721, 6, 40, '2025-05-06', 40, 0),
(721, 6, 40, '2025-05-07', 40, 0),
(721, 6, 40, '2025-05-08', 40, 0),
(721, 6, 40, '2025-05-09', 40, 0),
(721, 6, 40, '2025-05-10', 40, 0),
(721, 6, 40, '2025-05-11', 40, 0),
(721, 6, 40, '2025-05-12', 40, 0),
(721, 6, 40, '2025-05-13', 40, 0),
(721, 7, 40, '2025-04-14', 40, 0),
(721, 7, 40, '2025-04-15', 40, 0),
(721, 7, 40, '2025-04-16', 40, 0),
(721, 7, 40, '2025-04-17', 40, 0),
(721, 7, 40, '2025-04-18', 40, 0),
(721, 7, 40, '2025-04-19', 40, 0),
(721, 7, 40, '2025-04-20', 40, 0),
(721, 7, 40, '2025-04-21', 40, 0),
(721, 7, 40, '2025-04-22', 40, 0),
(721, 7, 40, '2025-04-23', 40, 0),
(721, 7, 40, '2025-04-24', 40, 0),
(721, 7, 40, '2025-04-25', 40, 0),
(721, 7, 40, '2025-04-26', 40, 0),
(721, 7, 40, '2025-04-27', 40, 0),
(721, 7, 40, '2025-04-28', 40, 0),
(721, 7, 40, '2025-04-29', 40, 0),
(721, 7, 40, '2025-04-30', 40, 0),
(721, 7, 40, '2025-05-01', 40, 0),
(721, 7, 40, '2025-05-02', 40, 0),
(721, 7, 40, '2025-05-03', 40, 0),
(721, 7, 40, '2025-05-04', 40, 0),
(721, 7, 40, '2025-05-05', 40, 0),
(721, 7, 40, '2025-05-06', 40, 0),
(721, 7, 40, '2025-05-07', 40, 0),
(721, 7, 40, '2025-05-08', 40, 0),
(721, 7, 40, '2025-05-09', 40, 0),
(721, 7, 40, '2025-05-10', 40, 0),
(721, 7, 40, '2025-05-11', 40, 0),
(721, 7, 40, '2025-05-12', 40, 0),
(721, 7, 40, '2025-05-13', 40, 0),
(721, 8, 40, '2025-04-14', 40, 0),
(721, 8, 40, '2025-04-15', 40, 0),
(721, 8, 40, '2025-04-16', 40, 0),
(721, 8, 40, '2025-04-17', 40, 0),
(721, 8, 40, '2025-04-18', 40, 0),
(721, 8, 40, '2025-04-19', 40, 0),
(721, 8, 40, '2025-04-20', 40, 0),
(721, 8, 40, '2025-04-21', 40, 0),
(721, 8, 40, '2025-04-22', 40, 0),
(721, 8, 40, '2025-04-23', 40, 0),
(721, 8, 40, '2025-04-24', 40, 0),
(721, 8, 40, '2025-04-25', 40, 0),
(721, 8, 40, '2025-04-26', 40, 0),
(721, 8, 40, '2025-04-27', 40, 0),
(721, 8, 40, '2025-04-28', 40, 0),
(721, 8, 40, '2025-04-29', 40, 0),
(721, 8, 40, '2025-04-30', 40, 0),
(721, 8, 40, '2025-05-01', 40, 0),
(721, 8, 40, '2025-05-02', 40, 0),
(721, 8, 40, '2025-05-03', 40, 0),
(721, 8, 40, '2025-05-04', 40, 0),
(721, 8, 40, '2025-05-05', 40, 0),
(721, 8, 40, '2025-05-06', 40, 0),
(721, 8, 40, '2025-05-07', 40, 0),
(721, 8, 40, '2025-05-08', 40, 0),
(721, 8, 40, '2025-05-09', 40, 0),
(721, 8, 40, '2025-05-10', 40, 0),
(721, 8, 40, '2025-05-11', 40, 0),
(721, 8, 40, '2025-05-12', 40, 0),
(721, 8, 40, '2025-05-13', 40, 0),
(721, 9, 40, '2025-04-14', 40, 0),
(721, 9, 40, '2025-04-15', 40, 0),
(721, 9, 40, '2025-04-16', 40, 0),
(721, 9, 40, '2025-04-17', 40, 0),
(721, 9, 40, '2025-04-18', 40, 0),
(721, 9, 40, '2025-04-19', 40, 0),
(721, 9, 40, '2025-04-20', 40, 0),
(721, 9, 40, '2025-04-21', 40, 0),
(721, 9, 40, '2025-04-22', 40, 0),
(721, 9, 40, '2025-04-23', 40, 0),
(721, 9, 40, '2025-04-24', 40, 0),
(721, 9, 40, '2025-04-25', 40, 0),
(721, 9, 40, '2025-04-26', 40, 0),
(721, 9, 40, '2025-04-27', 40, 0),
(721, 9, 40, '2025-04-28', 40, 0),
(721, 9, 40, '2025-04-29', 40, 0),
(721, 9, 40, '2025-04-30', 40, 0),
(721, 9, 40, '2025-05-01', 40, 0),
(721, 9, 40, '2025-05-02', 40, 0),
(721, 9, 40, '2025-05-03', 40, 0),
(721, 9, 40, '2025-05-04', 40, 0),
(721, 9, 40, '2025-05-05', 40, 0),
(721, 9, 40, '2025-05-06', 40, 0),
(721, 9, 40, '2025-05-07', 40, 0),
(721, 9, 40, '2025-05-08', 40, 0),
(721, 9, 40, '2025-05-09', 40, 0),
(721, 9, 40, '2025-05-10', 40, 0),
(721, 9, 40, '2025-05-11', 40, 0),
(721, 9, 40, '2025-05-12', 40, 0),
(721, 9, 40, '2025-05-13', 40, 0),
(722, 1, 40, '2025-04-14', 40, 0),
(722, 1, 40, '2025-04-15', 40, 0),
(722, 1, 40, '2025-04-16', 40, 0),
(722, 1, 40, '2025-04-17', 40, 0),
(722, 1, 40, '2025-04-18', 40, 0),
(722, 1, 40, '2025-04-19', 40, 0),
(722, 1, 40, '2025-04-20', 40, 0),
(722, 1, 40, '2025-04-21', 40, 0),
(722, 1, 40, '2025-04-22', 40, 0),
(722, 1, 40, '2025-04-23', 40, 0),
(722, 1, 40, '2025-04-24', 40, 0),
(722, 1, 40, '2025-04-25', 40, 0),
(722, 1, 40, '2025-04-26', 40, 0),
(722, 1, 40, '2025-04-27', 40, 0),
(722, 1, 40, '2025-04-28', 40, 0),
(722, 1, 40, '2025-04-29', 40, 0),
(722, 1, 40, '2025-04-30', 40, 0),
(722, 1, 40, '2025-05-01', 40, 0),
(722, 1, 40, '2025-05-02', 40, 0),
(722, 1, 40, '2025-05-03', 40, 0),
(722, 1, 40, '2025-05-04', 40, 0),
(722, 1, 40, '2025-05-05', 40, 0),
(722, 1, 40, '2025-05-06', 40, 0),
(722, 1, 40, '2025-05-07', 40, 0),
(722, 1, 40, '2025-05-08', 40, 0),
(722, 1, 40, '2025-05-09', 40, 0),
(722, 1, 40, '2025-05-10', 40, 0),
(722, 1, 40, '2025-05-11', 40, 0),
(722, 1, 40, '2025-05-12', 40, 0),
(722, 1, 40, '2025-05-13', 40, 0),
(722, 2, 40, '2025-04-14', 40, 0),
(722, 2, 40, '2025-04-15', 40, 0),
(722, 2, 40, '2025-04-16', 40, 0),
(722, 2, 40, '2025-04-17', 40, 0),
(722, 2, 40, '2025-04-18', 40, 0),
(722, 2, 40, '2025-04-19', 40, 0),
(722, 2, 40, '2025-04-20', 40, 0),
(722, 2, 40, '2025-04-21', 40, 0),
(722, 2, 40, '2025-04-22', 40, 0),
(722, 2, 40, '2025-04-23', 40, 0),
(722, 2, 40, '2025-04-24', 40, 0),
(722, 2, 40, '2025-04-25', 40, 0),
(722, 2, 40, '2025-04-26', 40, 0),
(722, 2, 40, '2025-04-27', 40, 0),
(722, 2, 40, '2025-04-28', 40, 0),
(722, 2, 40, '2025-04-29', 40, 0),
(722, 2, 40, '2025-04-30', 40, 0),
(722, 2, 40, '2025-05-01', 40, 0),
(722, 2, 40, '2025-05-02', 40, 0),
(722, 2, 40, '2025-05-03', 40, 0),
(722, 2, 40, '2025-05-04', 40, 0),
(722, 2, 40, '2025-05-05', 40, 0),
(722, 2, 40, '2025-05-06', 40, 0),
(722, 2, 40, '2025-05-07', 40, 0),
(722, 2, 40, '2025-05-08', 40, 0),
(722, 2, 40, '2025-05-09', 40, 0),
(722, 2, 40, '2025-05-10', 40, 0),
(722, 2, 40, '2025-05-11', 40, 0),
(722, 2, 40, '2025-05-12', 40, 0),
(722, 2, 40, '2025-05-13', 40, 0),
(722, 3, 40, '2025-04-14', 40, 0),
(722, 3, 40, '2025-04-15', 40, 0),
(722, 3, 40, '2025-04-16', 40, 0),
(722, 3, 40, '2025-04-17', 40, 0),
(722, 3, 40, '2025-04-18', 40, 0),
(722, 3, 40, '2025-04-19', 40, 0),
(722, 3, 40, '2025-04-20', 40, 0),
(722, 3, 40, '2025-04-21', 40, 0),
(722, 3, 40, '2025-04-22', 40, 0),
(722, 3, 40, '2025-04-23', 40, 0),
(722, 3, 40, '2025-04-24', 40, 0),
(722, 3, 40, '2025-04-25', 40, 0),
(722, 3, 40, '2025-04-26', 40, 0),
(722, 3, 40, '2025-04-27', 40, 0),
(722, 3, 40, '2025-04-28', 40, 0),
(722, 3, 40, '2025-04-29', 40, 0),
(722, 3, 40, '2025-04-30', 40, 0),
(722, 3, 40, '2025-05-01', 40, 0),
(722, 3, 40, '2025-05-02', 40, 0),
(722, 3, 40, '2025-05-03', 40, 0),
(722, 3, 40, '2025-05-04', 40, 0),
(722, 3, 40, '2025-05-05', 40, 0),
(722, 3, 40, '2025-05-06', 40, 0),
(722, 3, 40, '2025-05-07', 40, 0),
(722, 3, 40, '2025-05-08', 40, 0),
(722, 3, 40, '2025-05-09', 40, 0),
(722, 3, 40, '2025-05-10', 40, 0),
(722, 3, 40, '2025-05-11', 40, 0),
(722, 3, 40, '2025-05-12', 40, 0),
(722, 3, 40, '2025-05-13', 40, 0),
(722, 4, 40, '2025-04-14', 40, 0),
(722, 4, 40, '2025-04-15', 40, 0),
(722, 4, 40, '2025-04-16', 40, 0),
(722, 4, 40, '2025-04-17', 40, 0),
(722, 4, 40, '2025-04-18', 40, 0),
(722, 4, 40, '2025-04-19', 40, 0),
(722, 4, 40, '2025-04-20', 40, 0),
(722, 4, 40, '2025-04-21', 40, 0),
(722, 4, 40, '2025-04-22', 40, 0),
(722, 4, 40, '2025-04-23', 40, 0),
(722, 4, 40, '2025-04-24', 40, 0),
(722, 4, 40, '2025-04-25', 40, 0),
(722, 4, 40, '2025-04-26', 40, 0),
(722, 4, 40, '2025-04-27', 40, 0),
(722, 4, 40, '2025-04-28', 40, 0),
(722, 4, 40, '2025-04-29', 40, 0),
(722, 4, 40, '2025-04-30', 40, 0),
(722, 4, 40, '2025-05-01', 40, 0),
(722, 4, 40, '2025-05-02', 40, 0),
(722, 4, 40, '2025-05-03', 40, 0),
(722, 4, 40, '2025-05-04', 40, 0),
(722, 4, 40, '2025-05-05', 40, 0),
(722, 4, 40, '2025-05-06', 40, 0),
(722, 4, 40, '2025-05-07', 40, 0),
(722, 4, 40, '2025-05-08', 40, 0),
(722, 4, 40, '2025-05-09', 40, 0),
(722, 4, 40, '2025-05-10', 40, 0),
(722, 4, 40, '2025-05-11', 40, 0),
(722, 4, 40, '2025-05-12', 40, 0),
(722, 4, 40, '2025-05-13', 40, 0),
(722, 5, 40, '2025-04-14', 40, 0),
(722, 5, 40, '2025-04-15', 40, 0),
(722, 5, 40, '2025-04-16', 40, 0),
(722, 5, 40, '2025-04-17', 40, 0),
(722, 5, 40, '2025-04-18', 40, 0),
(722, 5, 40, '2025-04-19', 40, 0),
(722, 5, 40, '2025-04-20', 40, 0),
(722, 5, 40, '2025-04-21', 40, 0),
(722, 5, 40, '2025-04-22', 40, 0),
(722, 5, 40, '2025-04-23', 40, 0),
(722, 5, 40, '2025-04-24', 40, 0),
(722, 5, 40, '2025-04-25', 40, 0),
(722, 5, 40, '2025-04-26', 40, 0),
(722, 5, 40, '2025-04-27', 40, 0),
(722, 5, 40, '2025-04-28', 40, 0),
(722, 5, 40, '2025-04-29', 40, 0),
(722, 5, 40, '2025-04-30', 40, 0),
(722, 5, 40, '2025-05-01', 40, 0),
(722, 5, 40, '2025-05-02', 40, 0),
(722, 5, 40, '2025-05-03', 40, 0),
(722, 5, 40, '2025-05-04', 40, 0),
(722, 5, 40, '2025-05-05', 40, 0),
(722, 5, 40, '2025-05-06', 40, 0),
(722, 5, 40, '2025-05-07', 40, 0),
(722, 5, 40, '2025-05-08', 40, 0),
(722, 5, 40, '2025-05-09', 40, 0),
(722, 5, 40, '2025-05-10', 40, 0),
(722, 5, 40, '2025-05-11', 40, 0),
(722, 5, 40, '2025-05-12', 40, 0),
(722, 5, 40, '2025-05-13', 40, 0),
(722, 6, 40, '2025-04-14', 40, 0),
(722, 6, 40, '2025-04-15', 40, 0),
(722, 6, 40, '2025-04-16', 40, 0),
(722, 6, 40, '2025-04-17', 40, 0),
(722, 6, 40, '2025-04-18', 40, 0),
(722, 6, 40, '2025-04-19', 40, 0),
(722, 6, 40, '2025-04-20', 40, 0),
(722, 6, 40, '2025-04-21', 40, 0),
(722, 6, 40, '2025-04-22', 40, 0),
(722, 6, 40, '2025-04-23', 40, 0),
(722, 6, 40, '2025-04-24', 40, 0),
(722, 6, 40, '2025-04-25', 40, 0),
(722, 6, 40, '2025-04-26', 40, 0),
(722, 6, 40, '2025-04-27', 40, 0),
(722, 6, 40, '2025-04-28', 40, 0),
(722, 6, 40, '2025-04-29', 40, 0),
(722, 6, 40, '2025-04-30', 40, 0),
(722, 6, 40, '2025-05-01', 40, 0),
(722, 6, 40, '2025-05-02', 40, 0),
(722, 6, 40, '2025-05-03', 40, 0),
(722, 6, 40, '2025-05-04', 40, 0),
(722, 6, 40, '2025-05-05', 40, 0),
(722, 6, 40, '2025-05-06', 40, 0),
(722, 6, 40, '2025-05-07', 40, 0),
(722, 6, 40, '2025-05-08', 40, 0),
(722, 6, 40, '2025-05-09', 40, 0),
(722, 6, 40, '2025-05-10', 40, 0),
(722, 6, 40, '2025-05-11', 40, 0),
(722, 6, 40, '2025-05-12', 40, 0),
(722, 6, 40, '2025-05-13', 40, 0),
(722, 7, 40, '2025-04-14', 40, 0),
(722, 7, 40, '2025-04-15', 40, 0),
(722, 7, 40, '2025-04-16', 40, 0),
(722, 7, 40, '2025-04-17', 40, 0),
(722, 7, 40, '2025-04-18', 40, 0),
(722, 7, 40, '2025-04-19', 40, 0),
(722, 7, 40, '2025-04-20', 40, 0),
(722, 7, 40, '2025-04-21', 40, 0),
(722, 7, 40, '2025-04-22', 40, 0),
(722, 7, 40, '2025-04-23', 40, 0),
(722, 7, 40, '2025-04-24', 40, 0),
(722, 7, 40, '2025-04-25', 40, 0),
(722, 7, 40, '2025-04-26', 40, 0),
(722, 7, 40, '2025-04-27', 40, 0),
(722, 7, 40, '2025-04-28', 40, 0),
(722, 7, 40, '2025-04-29', 40, 0),
(722, 7, 40, '2025-04-30', 40, 0),
(722, 7, 40, '2025-05-01', 40, 0),
(722, 7, 40, '2025-05-02', 40, 0),
(722, 7, 40, '2025-05-03', 40, 0),
(722, 7, 40, '2025-05-04', 40, 0),
(722, 7, 40, '2025-05-05', 40, 0),
(722, 7, 40, '2025-05-06', 40, 0),
(722, 7, 40, '2025-05-07', 40, 0),
(722, 7, 40, '2025-05-08', 40, 0),
(722, 7, 40, '2025-05-09', 40, 0),
(722, 7, 40, '2025-05-10', 40, 0),
(722, 7, 40, '2025-05-11', 40, 0),
(722, 7, 40, '2025-05-12', 40, 0),
(722, 7, 40, '2025-05-13', 40, 0),
(722, 8, 40, '2025-04-14', 40, 0),
(722, 8, 40, '2025-04-15', 40, 0),
(722, 8, 40, '2025-04-16', 40, 0),
(722, 8, 40, '2025-04-17', 40, 0),
(722, 8, 40, '2025-04-18', 40, 0),
(722, 8, 40, '2025-04-19', 40, 0),
(722, 8, 40, '2025-04-20', 40, 0),
(722, 8, 40, '2025-04-21', 40, 0),
(722, 8, 40, '2025-04-22', 40, 0),
(722, 8, 40, '2025-04-23', 40, 0),
(722, 8, 40, '2025-04-24', 40, 0),
(722, 8, 40, '2025-04-25', 40, 0),
(722, 8, 40, '2025-04-26', 40, 0),
(722, 8, 40, '2025-04-27', 40, 0),
(722, 8, 40, '2025-04-28', 40, 0),
(722, 8, 40, '2025-04-29', 40, 0),
(722, 8, 40, '2025-04-30', 40, 0),
(722, 8, 40, '2025-05-01', 40, 0),
(722, 8, 40, '2025-05-02', 40, 0),
(722, 8, 40, '2025-05-03', 40, 0),
(722, 8, 40, '2025-05-04', 40, 0),
(722, 8, 40, '2025-05-05', 40, 0),
(722, 8, 40, '2025-05-06', 40, 0),
(722, 8, 40, '2025-05-07', 40, 0),
(722, 8, 40, '2025-05-08', 40, 0),
(722, 8, 40, '2025-05-09', 40, 0),
(722, 8, 40, '2025-05-10', 40, 0),
(722, 8, 40, '2025-05-11', 40, 0),
(722, 8, 40, '2025-05-12', 40, 0),
(722, 8, 40, '2025-05-13', 40, 0),
(722, 9, 40, '2025-04-14', 40, 0),
(722, 9, 40, '2025-04-15', 40, 0),
(722, 9, 40, '2025-04-16', 40, 0),
(722, 9, 40, '2025-04-17', 40, 0),
(722, 9, 40, '2025-04-18', 40, 0),
(722, 9, 40, '2025-04-19', 40, 0),
(722, 9, 40, '2025-04-20', 40, 0),
(722, 9, 40, '2025-04-21', 40, 0),
(722, 9, 40, '2025-04-22', 40, 0),
(722, 9, 40, '2025-04-23', 40, 0),
(722, 9, 40, '2025-04-24', 40, 0),
(722, 9, 40, '2025-04-25', 40, 0),
(722, 9, 40, '2025-04-26', 40, 0),
(722, 9, 40, '2025-04-27', 40, 0),
(722, 9, 40, '2025-04-28', 40, 0),
(722, 9, 40, '2025-04-29', 40, 0),
(722, 9, 40, '2025-04-30', 40, 0),
(722, 9, 40, '2025-05-01', 40, 0),
(722, 9, 40, '2025-05-02', 40, 0),
(722, 9, 40, '2025-05-03', 40, 0),
(722, 9, 40, '2025-05-04', 40, 0),
(722, 9, 40, '2025-05-05', 40, 0),
(722, 9, 40, '2025-05-06', 40, 0),
(722, 9, 40, '2025-05-07', 40, 0),
(722, 9, 40, '2025-05-08', 40, 0),
(722, 9, 40, '2025-05-09', 40, 0),
(722, 9, 40, '2025-05-10', 40, 0),
(722, 9, 40, '2025-05-11', 40, 0),
(722, 9, 40, '2025-05-12', 40, 0),
(722, 9, 40, '2025-05-13', 40, 0),
(723, 1, 40, '2025-04-14', 40, 0),
(723, 1, 40, '2025-04-15', 40, 0),
(723, 1, 40, '2025-04-16', 40, 0),
(723, 1, 40, '2025-04-17', 40, 0),
(723, 1, 40, '2025-04-18', 40, 0),
(723, 1, 40, '2025-04-19', 40, 0),
(723, 1, 40, '2025-04-20', 40, 0),
(723, 1, 40, '2025-04-21', 40, 0),
(723, 1, 40, '2025-04-22', 40, 0),
(723, 1, 40, '2025-04-23', 40, 0),
(723, 1, 40, '2025-04-24', 40, 0),
(723, 1, 40, '2025-04-25', 40, 0),
(723, 1, 40, '2025-04-26', 40, 0),
(723, 1, 40, '2025-04-27', 40, 0),
(723, 1, 40, '2025-04-28', 40, 0),
(723, 1, 40, '2025-04-29', 40, 0),
(723, 1, 40, '2025-04-30', 40, 0),
(723, 1, 40, '2025-05-01', 40, 0),
(723, 1, 40, '2025-05-02', 40, 0),
(723, 1, 40, '2025-05-03', 40, 0),
(723, 1, 40, '2025-05-04', 40, 0),
(723, 1, 40, '2025-05-05', 40, 0),
(723, 1, 40, '2025-05-06', 40, 0),
(723, 1, 40, '2025-05-07', 40, 0),
(723, 1, 40, '2025-05-08', 40, 0),
(723, 1, 40, '2025-05-09', 40, 0),
(723, 1, 40, '2025-05-10', 40, 0),
(723, 1, 40, '2025-05-11', 40, 0),
(723, 1, 40, '2025-05-12', 40, 0),
(723, 1, 40, '2025-05-13', 40, 0),
(723, 2, 40, '2025-04-14', 40, 0),
(723, 2, 40, '2025-04-15', 40, 0),
(723, 2, 40, '2025-04-16', 40, 0),
(723, 2, 40, '2025-04-17', 40, 0),
(723, 2, 40, '2025-04-18', 40, 0),
(723, 2, 40, '2025-04-19', 40, 0),
(723, 2, 40, '2025-04-20', 40, 0),
(723, 2, 40, '2025-04-21', 40, 0),
(723, 2, 40, '2025-04-22', 40, 0),
(723, 2, 40, '2025-04-23', 40, 0),
(723, 2, 40, '2025-04-24', 40, 0),
(723, 2, 40, '2025-04-25', 40, 0),
(723, 2, 40, '2025-04-26', 40, 0),
(723, 2, 40, '2025-04-27', 40, 0),
(723, 2, 40, '2025-04-28', 40, 0),
(723, 2, 40, '2025-04-29', 40, 0),
(723, 2, 40, '2025-04-30', 40, 0),
(723, 2, 40, '2025-05-01', 40, 0),
(723, 2, 40, '2025-05-02', 40, 0),
(723, 2, 40, '2025-05-03', 40, 0),
(723, 2, 40, '2025-05-04', 40, 0),
(723, 2, 40, '2025-05-05', 40, 0),
(723, 2, 40, '2025-05-06', 40, 0),
(723, 2, 40, '2025-05-07', 40, 0),
(723, 2, 40, '2025-05-08', 40, 0),
(723, 2, 40, '2025-05-09', 40, 0),
(723, 2, 40, '2025-05-10', 40, 0),
(723, 2, 40, '2025-05-11', 40, 0),
(723, 2, 40, '2025-05-12', 40, 0),
(723, 2, 40, '2025-05-13', 40, 0),
(723, 3, 40, '2025-04-14', 40, 0),
(723, 3, 40, '2025-04-15', 40, 0),
(723, 3, 40, '2025-04-16', 40, 0),
(723, 3, 40, '2025-04-17', 40, 0),
(723, 3, 40, '2025-04-18', 40, 0),
(723, 3, 40, '2025-04-19', 40, 0),
(723, 3, 40, '2025-04-20', 40, 0),
(723, 3, 40, '2025-04-21', 40, 0),
(723, 3, 40, '2025-04-22', 40, 0),
(723, 3, 40, '2025-04-23', 40, 0),
(723, 3, 40, '2025-04-24', 40, 0),
(723, 3, 40, '2025-04-25', 40, 0),
(723, 3, 40, '2025-04-26', 40, 0),
(723, 3, 40, '2025-04-27', 40, 0),
(723, 3, 40, '2025-04-28', 40, 0),
(723, 3, 40, '2025-04-29', 40, 0),
(723, 3, 40, '2025-04-30', 40, 0),
(723, 3, 40, '2025-05-01', 40, 0),
(723, 3, 40, '2025-05-02', 40, 0),
(723, 3, 40, '2025-05-03', 40, 0),
(723, 3, 40, '2025-05-04', 40, 0),
(723, 3, 40, '2025-05-05', 40, 0),
(723, 3, 40, '2025-05-06', 40, 0),
(723, 3, 40, '2025-05-07', 40, 0),
(723, 3, 40, '2025-05-08', 40, 0),
(723, 3, 40, '2025-05-09', 40, 0),
(723, 3, 40, '2025-05-10', 40, 0),
(723, 3, 40, '2025-05-11', 40, 0),
(723, 3, 40, '2025-05-12', 40, 0),
(723, 3, 40, '2025-05-13', 40, 0),
(723, 4, 40, '2025-04-14', 40, 0),
(723, 4, 40, '2025-04-15', 40, 0),
(723, 4, 40, '2025-04-16', 40, 0),
(723, 4, 40, '2025-04-17', 40, 0),
(723, 4, 40, '2025-04-18', 40, 0),
(723, 4, 40, '2025-04-19', 40, 0),
(723, 4, 40, '2025-04-20', 40, 0),
(723, 4, 40, '2025-04-21', 40, 0),
(723, 4, 40, '2025-04-22', 40, 0),
(723, 4, 40, '2025-04-23', 40, 0),
(723, 4, 40, '2025-04-24', 40, 0),
(723, 4, 40, '2025-04-25', 40, 0),
(723, 4, 40, '2025-04-26', 40, 0);
INSERT INTO `seat_availability` (`train_code`, `carriage_id`, `available_seat`, `journey_date`, `total_seats`, `reserved_seats`) VALUES
(723, 4, 40, '2025-04-27', 40, 0),
(723, 4, 40, '2025-04-28', 40, 0),
(723, 4, 40, '2025-04-29', 40, 0),
(723, 4, 40, '2025-04-30', 40, 0),
(723, 4, 40, '2025-05-01', 40, 0),
(723, 4, 40, '2025-05-02', 40, 0),
(723, 4, 40, '2025-05-03', 40, 0),
(723, 4, 40, '2025-05-04', 40, 0),
(723, 4, 40, '2025-05-05', 40, 0),
(723, 4, 40, '2025-05-06', 40, 0),
(723, 4, 40, '2025-05-07', 40, 0),
(723, 4, 40, '2025-05-08', 40, 0),
(723, 4, 40, '2025-05-09', 40, 0),
(723, 4, 40, '2025-05-10', 40, 0),
(723, 4, 40, '2025-05-11', 40, 0),
(723, 4, 40, '2025-05-12', 40, 0),
(723, 4, 40, '2025-05-13', 40, 0),
(723, 5, 40, '2025-04-14', 40, 0),
(723, 5, 40, '2025-04-15', 40, 0),
(723, 5, 40, '2025-04-16', 40, 0),
(723, 5, 40, '2025-04-17', 40, 0),
(723, 5, 40, '2025-04-18', 40, 0),
(723, 5, 40, '2025-04-19', 40, 0),
(723, 5, 40, '2025-04-20', 40, 0),
(723, 5, 40, '2025-04-21', 40, 0),
(723, 5, 40, '2025-04-22', 40, 0),
(723, 5, 40, '2025-04-23', 40, 0),
(723, 5, 40, '2025-04-24', 40, 0),
(723, 5, 40, '2025-04-25', 40, 0),
(723, 5, 40, '2025-04-26', 40, 0),
(723, 5, 40, '2025-04-27', 40, 0),
(723, 5, 40, '2025-04-28', 40, 0),
(723, 5, 40, '2025-04-29', 40, 0),
(723, 5, 40, '2025-04-30', 40, 0),
(723, 5, 40, '2025-05-01', 40, 0),
(723, 5, 40, '2025-05-02', 40, 0),
(723, 5, 40, '2025-05-03', 40, 0),
(723, 5, 40, '2025-05-04', 40, 0),
(723, 5, 40, '2025-05-05', 40, 0),
(723, 5, 40, '2025-05-06', 40, 0),
(723, 5, 40, '2025-05-07', 40, 0),
(723, 5, 40, '2025-05-08', 40, 0),
(723, 5, 40, '2025-05-09', 40, 0),
(723, 5, 40, '2025-05-10', 40, 0),
(723, 5, 40, '2025-05-11', 40, 0),
(723, 5, 40, '2025-05-12', 40, 0),
(723, 5, 40, '2025-05-13', 40, 0),
(723, 6, 40, '2025-04-14', 40, 0),
(723, 6, 40, '2025-04-15', 40, 0),
(723, 6, 40, '2025-04-16', 40, 0),
(723, 6, 40, '2025-04-17', 40, 0),
(723, 6, 40, '2025-04-18', 40, 0),
(723, 6, 40, '2025-04-19', 40, 0),
(723, 6, 40, '2025-04-20', 40, 0),
(723, 6, 40, '2025-04-21', 40, 0),
(723, 6, 40, '2025-04-22', 40, 0),
(723, 6, 40, '2025-04-23', 40, 0),
(723, 6, 40, '2025-04-24', 40, 0),
(723, 6, 40, '2025-04-25', 40, 0),
(723, 6, 40, '2025-04-26', 40, 0),
(723, 6, 40, '2025-04-27', 40, 0),
(723, 6, 40, '2025-04-28', 40, 0),
(723, 6, 40, '2025-04-29', 40, 0),
(723, 6, 40, '2025-04-30', 40, 0),
(723, 6, 40, '2025-05-01', 40, 0),
(723, 6, 40, '2025-05-02', 40, 0),
(723, 6, 40, '2025-05-03', 40, 0),
(723, 6, 40, '2025-05-04', 40, 0),
(723, 6, 40, '2025-05-05', 40, 0),
(723, 6, 40, '2025-05-06', 40, 0),
(723, 6, 40, '2025-05-07', 40, 0),
(723, 6, 40, '2025-05-08', 40, 0),
(723, 6, 40, '2025-05-09', 40, 0),
(723, 6, 40, '2025-05-10', 40, 0),
(723, 6, 40, '2025-05-11', 40, 0),
(723, 6, 40, '2025-05-12', 40, 0),
(723, 6, 40, '2025-05-13', 40, 0),
(723, 7, 40, '2025-04-14', 40, 0),
(723, 7, 40, '2025-04-15', 40, 0),
(723, 7, 40, '2025-04-16', 40, 0),
(723, 7, 40, '2025-04-17', 40, 0),
(723, 7, 40, '2025-04-18', 40, 0),
(723, 7, 40, '2025-04-19', 40, 0),
(723, 7, 40, '2025-04-20', 40, 0),
(723, 7, 40, '2025-04-21', 40, 0),
(723, 7, 40, '2025-04-22', 40, 0),
(723, 7, 40, '2025-04-23', 40, 0),
(723, 7, 40, '2025-04-24', 40, 0),
(723, 7, 40, '2025-04-25', 40, 0),
(723, 7, 40, '2025-04-26', 40, 0),
(723, 7, 40, '2025-04-27', 40, 0),
(723, 7, 40, '2025-04-28', 40, 0),
(723, 7, 40, '2025-04-29', 40, 0),
(723, 7, 40, '2025-04-30', 40, 0),
(723, 7, 40, '2025-05-01', 40, 0),
(723, 7, 40, '2025-05-02', 40, 0),
(723, 7, 40, '2025-05-03', 40, 0),
(723, 7, 40, '2025-05-04', 40, 0),
(723, 7, 40, '2025-05-05', 40, 0),
(723, 7, 40, '2025-05-06', 40, 0),
(723, 7, 40, '2025-05-07', 40, 0),
(723, 7, 40, '2025-05-08', 40, 0),
(723, 7, 40, '2025-05-09', 40, 0),
(723, 7, 40, '2025-05-10', 40, 0),
(723, 7, 40, '2025-05-11', 40, 0),
(723, 7, 40, '2025-05-12', 40, 0),
(723, 7, 40, '2025-05-13', 40, 0),
(723, 8, 40, '2025-04-14', 40, 0),
(723, 8, 40, '2025-04-15', 40, 0),
(723, 8, 40, '2025-04-16', 40, 0),
(723, 8, 40, '2025-04-17', 40, 0),
(723, 8, 40, '2025-04-18', 40, 0),
(723, 8, 40, '2025-04-19', 40, 0),
(723, 8, 40, '2025-04-20', 40, 0),
(723, 8, 40, '2025-04-21', 40, 0),
(723, 8, 40, '2025-04-22', 40, 0),
(723, 8, 40, '2025-04-23', 40, 0),
(723, 8, 40, '2025-04-24', 40, 0),
(723, 8, 40, '2025-04-25', 40, 0),
(723, 8, 40, '2025-04-26', 40, 0),
(723, 8, 40, '2025-04-27', 40, 0),
(723, 8, 40, '2025-04-28', 40, 0),
(723, 8, 40, '2025-04-29', 40, 0),
(723, 8, 40, '2025-04-30', 40, 0),
(723, 8, 40, '2025-05-01', 40, 0),
(723, 8, 40, '2025-05-02', 40, 0),
(723, 8, 40, '2025-05-03', 40, 0),
(723, 8, 40, '2025-05-04', 40, 0),
(723, 8, 40, '2025-05-05', 40, 0),
(723, 8, 40, '2025-05-06', 40, 0),
(723, 8, 40, '2025-05-07', 40, 0),
(723, 8, 40, '2025-05-08', 40, 0),
(723, 8, 40, '2025-05-09', 40, 0),
(723, 8, 40, '2025-05-10', 40, 0),
(723, 8, 40, '2025-05-11', 40, 0),
(723, 8, 40, '2025-05-12', 40, 0),
(723, 8, 40, '2025-05-13', 40, 0),
(723, 9, 40, '2025-04-14', 40, 0),
(723, 9, 40, '2025-04-15', 40, 0),
(723, 9, 40, '2025-04-16', 40, 0),
(723, 9, 40, '2025-04-17', 40, 0),
(723, 9, 40, '2025-04-18', 40, 0),
(723, 9, 40, '2025-04-19', 40, 0),
(723, 9, 40, '2025-04-20', 40, 0),
(723, 9, 40, '2025-04-21', 40, 0),
(723, 9, 40, '2025-04-22', 40, 0),
(723, 9, 40, '2025-04-23', 40, 0),
(723, 9, 40, '2025-04-24', 40, 0),
(723, 9, 40, '2025-04-25', 40, 0),
(723, 9, 40, '2025-04-26', 40, 0),
(723, 9, 40, '2025-04-27', 40, 0),
(723, 9, 40, '2025-04-28', 40, 0),
(723, 9, 40, '2025-04-29', 40, 0),
(723, 9, 40, '2025-04-30', 40, 0),
(723, 9, 40, '2025-05-01', 40, 0),
(723, 9, 40, '2025-05-02', 40, 0),
(723, 9, 40, '2025-05-03', 40, 0),
(723, 9, 40, '2025-05-04', 40, 0),
(723, 9, 40, '2025-05-05', 40, 0),
(723, 9, 40, '2025-05-06', 40, 0),
(723, 9, 40, '2025-05-07', 40, 0),
(723, 9, 40, '2025-05-08', 40, 0),
(723, 9, 40, '2025-05-09', 40, 0),
(723, 9, 40, '2025-05-10', 40, 0),
(723, 9, 40, '2025-05-11', 40, 0),
(723, 9, 40, '2025-05-12', 40, 0),
(723, 9, 40, '2025-05-13', 40, 0),
(724, 1, 40, '2025-04-14', 40, 0),
(724, 1, 40, '2025-04-15', 40, 0),
(724, 1, 40, '2025-04-16', 40, 0),
(724, 1, 40, '2025-04-17', 40, 0),
(724, 1, 40, '2025-04-18', 40, 0),
(724, 1, 40, '2025-04-19', 40, 0),
(724, 1, 40, '2025-04-20', 40, 0),
(724, 1, 40, '2025-04-21', 40, 0),
(724, 1, 40, '2025-04-22', 40, 0),
(724, 1, 40, '2025-04-23', 40, 0),
(724, 1, 40, '2025-04-24', 40, 0),
(724, 1, 40, '2025-04-25', 40, 0),
(724, 1, 40, '2025-04-26', 40, 0),
(724, 1, 40, '2025-04-27', 40, 0),
(724, 1, 40, '2025-04-28', 40, 0),
(724, 1, 40, '2025-04-29', 40, 0),
(724, 1, 40, '2025-04-30', 40, 0),
(724, 1, 40, '2025-05-01', 40, 0),
(724, 1, 40, '2025-05-02', 40, 0),
(724, 1, 40, '2025-05-03', 40, 0),
(724, 1, 40, '2025-05-04', 40, 0),
(724, 1, 40, '2025-05-05', 40, 0),
(724, 1, 40, '2025-05-06', 40, 0),
(724, 1, 40, '2025-05-07', 40, 0),
(724, 1, 40, '2025-05-08', 40, 0),
(724, 1, 40, '2025-05-09', 40, 0),
(724, 1, 40, '2025-05-10', 40, 0),
(724, 1, 40, '2025-05-11', 40, 0),
(724, 1, 40, '2025-05-12', 40, 0),
(724, 1, 40, '2025-05-13', 40, 0),
(724, 2, 40, '2025-04-14', 40, 0),
(724, 2, 40, '2025-04-15', 40, 0),
(724, 2, 40, '2025-04-16', 40, 0),
(724, 2, 40, '2025-04-17', 40, 0),
(724, 2, 40, '2025-04-18', 40, 0),
(724, 2, 40, '2025-04-19', 40, 0),
(724, 2, 40, '2025-04-20', 40, 0),
(724, 2, 40, '2025-04-21', 40, 0),
(724, 2, 40, '2025-04-22', 40, 0),
(724, 2, 40, '2025-04-23', 40, 0),
(724, 2, 40, '2025-04-24', 40, 0),
(724, 2, 40, '2025-04-25', 40, 0),
(724, 2, 40, '2025-04-26', 40, 0),
(724, 2, 40, '2025-04-27', 40, 0),
(724, 2, 40, '2025-04-28', 40, 0),
(724, 2, 40, '2025-04-29', 40, 0),
(724, 2, 40, '2025-04-30', 40, 0),
(724, 2, 40, '2025-05-01', 40, 0),
(724, 2, 40, '2025-05-02', 40, 0),
(724, 2, 40, '2025-05-03', 40, 0),
(724, 2, 40, '2025-05-04', 40, 0),
(724, 2, 40, '2025-05-05', 40, 0),
(724, 2, 40, '2025-05-06', 40, 0),
(724, 2, 40, '2025-05-07', 40, 0),
(724, 2, 40, '2025-05-08', 40, 0),
(724, 2, 40, '2025-05-09', 40, 0),
(724, 2, 40, '2025-05-10', 40, 0),
(724, 2, 40, '2025-05-11', 40, 0),
(724, 2, 40, '2025-05-12', 40, 0),
(724, 2, 40, '2025-05-13', 40, 0),
(724, 3, 40, '2025-04-14', 40, 0),
(724, 3, 40, '2025-04-15', 40, 0),
(724, 3, 40, '2025-04-16', 40, 0),
(724, 3, 40, '2025-04-17', 40, 0),
(724, 3, 40, '2025-04-18', 40, 0),
(724, 3, 40, '2025-04-19', 40, 0),
(724, 3, 40, '2025-04-20', 40, 0),
(724, 3, 40, '2025-04-21', 40, 0),
(724, 3, 40, '2025-04-22', 40, 0),
(724, 3, 40, '2025-04-23', 40, 0),
(724, 3, 40, '2025-04-24', 40, 0),
(724, 3, 40, '2025-04-25', 40, 0),
(724, 3, 40, '2025-04-26', 40, 0),
(724, 3, 40, '2025-04-27', 40, 0),
(724, 3, 40, '2025-04-28', 40, 0),
(724, 3, 40, '2025-04-29', 40, 0),
(724, 3, 40, '2025-04-30', 40, 0),
(724, 3, 40, '2025-05-01', 40, 0),
(724, 3, 40, '2025-05-02', 40, 0),
(724, 3, 40, '2025-05-03', 40, 0),
(724, 3, 40, '2025-05-04', 40, 0),
(724, 3, 40, '2025-05-05', 40, 0),
(724, 3, 40, '2025-05-06', 40, 0),
(724, 3, 40, '2025-05-07', 40, 0),
(724, 3, 40, '2025-05-08', 40, 0),
(724, 3, 40, '2025-05-09', 40, 0),
(724, 3, 40, '2025-05-10', 40, 0),
(724, 3, 40, '2025-05-11', 40, 0),
(724, 3, 40, '2025-05-12', 40, 0),
(724, 3, 40, '2025-05-13', 40, 0),
(724, 4, 40, '2025-04-14', 40, 0),
(724, 4, 40, '2025-04-15', 40, 0),
(724, 4, 40, '2025-04-16', 40, 0),
(724, 4, 40, '2025-04-17', 40, 0),
(724, 4, 40, '2025-04-18', 40, 0),
(724, 4, 40, '2025-04-19', 40, 0),
(724, 4, 40, '2025-04-20', 40, 0),
(724, 4, 40, '2025-04-21', 40, 0),
(724, 4, 40, '2025-04-22', 40, 0),
(724, 4, 40, '2025-04-23', 40, 0),
(724, 4, 40, '2025-04-24', 40, 0),
(724, 4, 40, '2025-04-25', 40, 0),
(724, 4, 40, '2025-04-26', 40, 0),
(724, 4, 40, '2025-04-27', 40, 0),
(724, 4, 40, '2025-04-28', 40, 0),
(724, 4, 40, '2025-04-29', 40, 0),
(724, 4, 40, '2025-04-30', 40, 0),
(724, 4, 40, '2025-05-01', 40, 0),
(724, 4, 40, '2025-05-02', 40, 0),
(724, 4, 40, '2025-05-03', 40, 0),
(724, 4, 40, '2025-05-04', 40, 0),
(724, 4, 40, '2025-05-05', 40, 0),
(724, 4, 40, '2025-05-06', 40, 0),
(724, 4, 40, '2025-05-07', 40, 0),
(724, 4, 40, '2025-05-08', 40, 0),
(724, 4, 40, '2025-05-09', 40, 0),
(724, 4, 40, '2025-05-10', 40, 0),
(724, 4, 40, '2025-05-11', 40, 0),
(724, 4, 40, '2025-05-12', 40, 0),
(724, 4, 40, '2025-05-13', 40, 0),
(724, 5, 40, '2025-04-14', 40, 0),
(724, 5, 40, '2025-04-15', 40, 0),
(724, 5, 40, '2025-04-16', 40, 0),
(724, 5, 40, '2025-04-17', 40, 0),
(724, 5, 40, '2025-04-18', 40, 0),
(724, 5, 40, '2025-04-19', 40, 0),
(724, 5, 40, '2025-04-20', 40, 0),
(724, 5, 40, '2025-04-21', 40, 0),
(724, 5, 40, '2025-04-22', 40, 0),
(724, 5, 40, '2025-04-23', 40, 0),
(724, 5, 40, '2025-04-24', 40, 0),
(724, 5, 40, '2025-04-25', 40, 0),
(724, 5, 40, '2025-04-26', 40, 0),
(724, 5, 40, '2025-04-27', 40, 0),
(724, 5, 40, '2025-04-28', 40, 0),
(724, 5, 40, '2025-04-29', 40, 0),
(724, 5, 40, '2025-04-30', 40, 0),
(724, 5, 40, '2025-05-01', 40, 0),
(724, 5, 40, '2025-05-02', 40, 0),
(724, 5, 40, '2025-05-03', 40, 0),
(724, 5, 40, '2025-05-04', 40, 0),
(724, 5, 40, '2025-05-05', 40, 0),
(724, 5, 40, '2025-05-06', 40, 0),
(724, 5, 40, '2025-05-07', 40, 0),
(724, 5, 40, '2025-05-08', 40, 0),
(724, 5, 40, '2025-05-09', 40, 0),
(724, 5, 40, '2025-05-10', 40, 0),
(724, 5, 40, '2025-05-11', 40, 0),
(724, 5, 40, '2025-05-12', 40, 0),
(724, 5, 40, '2025-05-13', 40, 0),
(724, 6, 40, '2025-04-14', 40, 0),
(724, 6, 40, '2025-04-15', 40, 0),
(724, 6, 40, '2025-04-16', 40, 0),
(724, 6, 40, '2025-04-17', 40, 0),
(724, 6, 40, '2025-04-18', 40, 0),
(724, 6, 40, '2025-04-19', 40, 0),
(724, 6, 40, '2025-04-20', 40, 0),
(724, 6, 40, '2025-04-21', 40, 0),
(724, 6, 40, '2025-04-22', 40, 0),
(724, 6, 40, '2025-04-23', 40, 0),
(724, 6, 40, '2025-04-24', 40, 0),
(724, 6, 40, '2025-04-25', 40, 0),
(724, 6, 40, '2025-04-26', 40, 0),
(724, 6, 40, '2025-04-27', 40, 0),
(724, 6, 40, '2025-04-28', 40, 0),
(724, 6, 40, '2025-04-29', 40, 0),
(724, 6, 40, '2025-04-30', 40, 0),
(724, 6, 40, '2025-05-01', 40, 0),
(724, 6, 40, '2025-05-02', 40, 0),
(724, 6, 40, '2025-05-03', 40, 0),
(724, 6, 40, '2025-05-04', 40, 0),
(724, 6, 40, '2025-05-05', 40, 0),
(724, 6, 40, '2025-05-06', 40, 0),
(724, 6, 40, '2025-05-07', 40, 0),
(724, 6, 40, '2025-05-08', 40, 0),
(724, 6, 40, '2025-05-09', 40, 0),
(724, 6, 40, '2025-05-10', 40, 0),
(724, 6, 40, '2025-05-11', 40, 0),
(724, 6, 40, '2025-05-12', 40, 0),
(724, 6, 40, '2025-05-13', 40, 0),
(724, 7, 40, '2025-04-14', 40, 0),
(724, 7, 40, '2025-04-15', 40, 0),
(724, 7, 40, '2025-04-16', 40, 0),
(724, 7, 40, '2025-04-17', 40, 0),
(724, 7, 40, '2025-04-18', 40, 0),
(724, 7, 40, '2025-04-19', 40, 0),
(724, 7, 40, '2025-04-20', 40, 0),
(724, 7, 40, '2025-04-21', 40, 0),
(724, 7, 40, '2025-04-22', 40, 0),
(724, 7, 40, '2025-04-23', 40, 0),
(724, 7, 40, '2025-04-24', 40, 0),
(724, 7, 40, '2025-04-25', 40, 0),
(724, 7, 40, '2025-04-26', 40, 0),
(724, 7, 40, '2025-04-27', 40, 0),
(724, 7, 40, '2025-04-28', 40, 0),
(724, 7, 40, '2025-04-29', 40, 0),
(724, 7, 40, '2025-04-30', 40, 0),
(724, 7, 40, '2025-05-01', 40, 0),
(724, 7, 40, '2025-05-02', 40, 0),
(724, 7, 40, '2025-05-03', 40, 0),
(724, 7, 40, '2025-05-04', 40, 0),
(724, 7, 40, '2025-05-05', 40, 0),
(724, 7, 40, '2025-05-06', 40, 0),
(724, 7, 40, '2025-05-07', 40, 0),
(724, 7, 40, '2025-05-08', 40, 0),
(724, 7, 40, '2025-05-09', 40, 0),
(724, 7, 40, '2025-05-10', 40, 0),
(724, 7, 40, '2025-05-11', 40, 0),
(724, 7, 40, '2025-05-12', 40, 0),
(724, 7, 40, '2025-05-13', 40, 0),
(724, 8, 40, '2025-04-14', 40, 0),
(724, 8, 40, '2025-04-15', 40, 0),
(724, 8, 40, '2025-04-16', 40, 0),
(724, 8, 40, '2025-04-17', 40, 0),
(724, 8, 40, '2025-04-18', 40, 0),
(724, 8, 40, '2025-04-19', 40, 0),
(724, 8, 40, '2025-04-20', 40, 0),
(724, 8, 40, '2025-04-21', 40, 0),
(724, 8, 40, '2025-04-22', 40, 0),
(724, 8, 40, '2025-04-23', 40, 0),
(724, 8, 40, '2025-04-24', 40, 0),
(724, 8, 40, '2025-04-25', 40, 0),
(724, 8, 40, '2025-04-26', 40, 0),
(724, 8, 40, '2025-04-27', 40, 0),
(724, 8, 40, '2025-04-28', 40, 0),
(724, 8, 40, '2025-04-29', 40, 0),
(724, 8, 40, '2025-04-30', 40, 0),
(724, 8, 40, '2025-05-01', 40, 0),
(724, 8, 40, '2025-05-02', 40, 0),
(724, 8, 40, '2025-05-03', 40, 0),
(724, 8, 40, '2025-05-04', 40, 0),
(724, 8, 40, '2025-05-05', 40, 0),
(724, 8, 40, '2025-05-06', 40, 0),
(724, 8, 40, '2025-05-07', 40, 0),
(724, 8, 40, '2025-05-08', 40, 0),
(724, 8, 40, '2025-05-09', 40, 0),
(724, 8, 40, '2025-05-10', 40, 0),
(724, 8, 40, '2025-05-11', 40, 0),
(724, 8, 40, '2025-05-12', 40, 0),
(724, 8, 40, '2025-05-13', 40, 0),
(724, 9, 40, '2025-04-14', 40, 0),
(724, 9, 40, '2025-04-15', 40, 0),
(724, 9, 40, '2025-04-16', 40, 0),
(724, 9, 40, '2025-04-17', 40, 0),
(724, 9, 40, '2025-04-18', 40, 0),
(724, 9, 40, '2025-04-19', 40, 0),
(724, 9, 40, '2025-04-20', 40, 0),
(724, 9, 40, '2025-04-21', 40, 0),
(724, 9, 40, '2025-04-22', 40, 0),
(724, 9, 40, '2025-04-23', 40, 0),
(724, 9, 40, '2025-04-24', 40, 0),
(724, 9, 40, '2025-04-25', 40, 0),
(724, 9, 40, '2025-04-26', 40, 0),
(724, 9, 40, '2025-04-27', 40, 0),
(724, 9, 40, '2025-04-28', 40, 0),
(724, 9, 40, '2025-04-29', 40, 0),
(724, 9, 40, '2025-04-30', 40, 0),
(724, 9, 40, '2025-05-01', 40, 0),
(724, 9, 40, '2025-05-02', 40, 0),
(724, 9, 40, '2025-05-03', 40, 0),
(724, 9, 40, '2025-05-04', 40, 0),
(724, 9, 40, '2025-05-05', 40, 0),
(724, 9, 40, '2025-05-06', 40, 0),
(724, 9, 40, '2025-05-07', 40, 0),
(724, 9, 40, '2025-05-08', 40, 0),
(724, 9, 40, '2025-05-09', 40, 0),
(724, 9, 40, '2025-05-10', 40, 0),
(724, 9, 40, '2025-05-11', 40, 0),
(724, 9, 40, '2025-05-12', 40, 0),
(724, 9, 40, '2025-05-13', 40, 0);

-- --------------------------------------------------------

--
-- Table structure for table `seat_reservations`
--

CREATE TABLE `seat_reservations` (
  `id` int(11) NOT NULL,
  `booking_id` int(11) DEFAULT NULL,
  `train_code` varchar(10) DEFAULT NULL,
  `carriage_id` int(11) DEFAULT NULL,
  `seat_number` varchar(5) DEFAULT NULL,
  `journey_date` date DEFAULT NULL
) ENGINE=InnoDB DEFAULT CHARSET=utf8mb4 COLLATE=utf8mb4_general_ci;

--
-- Dumping data for table `seat_reservations`
--

INSERT INTO `seat_reservations` (`id`, `booking_id`, `train_code`, `carriage_id`, `seat_number`, `journey_date`) VALUES
(80, 41, '702', 1, 'A1', '2025-04-18'),
(81, 41, '702', 1, 'A2', '2025-04-18');

-- --------------------------------------------------------

--
-- Table structure for table `stops_at`
--

CREATE TABLE `stops_at` (
  `train_code` int(11) NOT NULL,
  `station_code` int(11) NOT NULL,
  `departure_time` varchar(20) DEFAULT NULL
) ENGINE=InnoDB DEFAULT CHARSET=utf8mb4 COLLATE=utf8mb4_general_ci;

--
-- Dumping data for table `stops_at`
--

INSERT INTO `stops_at` (`train_code`, `station_code`, `departure_time`) VALUES
(701, 112, '7:00 AM'),
(702, 111, '4:30 PM'),
(703, 112, '3:00 PM'),
(704, 111, '7:40 AM'),
(705, 111, '6:30 AM'),
(706, 113, '4:00 PM'),
(707, 111, '11:30 AM'),
(708, 113, '12:00 PM'),
(709, 112, '7:00 AM'),
(710, 113, '12:00 PM'),
(711, 112, '9:00 PM'),
(712, 113, '10:00 PM'),
(713, 111, '11:40 AM'),
(714, 114, '1:50 PM'),
(715, 116, '7:00 AM'),
(716, 117, '2:30 PM'),
(717, 111, '8:00 AM'),
(718, 116, '9:45 AM'),
(719, 117, '7:00 AM'),
(720, 111, '2:00 PM'),
(721, 117, '6:40 AM'),
(722, 111, '3:00 PM'),
(723, 115, '7:00 AM'),
(724, 111, '3:00 PM');

-- --------------------------------------------------------

--
-- Table structure for table `train`
--

CREATE TABLE `train` (
  `train_code` int(11) NOT NULL,
  `train_name` varchar(20) NOT NULL,
  `start_time` varchar(20) DEFAULT NULL,
  `end_time` varchar(20) DEFAULT NULL,
  `start_station_code` int(11) DEFAULT NULL,
  `end_station_code` int(11) DEFAULT NULL
) ENGINE=InnoDB DEFAULT CHARSET=utf8mb4 COLLATE=utf8mb4_general_ci;

--
-- Dumping data for table `train`
--

INSERT INTO `train` (`train_code`, `train_name`, `start_time`, `end_time`, `start_station_code`, `end_station_code`) VALUES
(701, 'Subarna Express', '7:00 AM', '11:55 AM', 112, 111),
(702, 'Subarna Express', '4:30 PM', '9:55 PM', 111, 112),
(703, 'Mahanagar godhuly', '3:00 PM', '10:45 PM', 112, 111),
(704, 'Mahanagar probati', '7:40 AM', '1:35 PM', 111, 112),
(705, 'parabat Express', '6:30 AM', '1:00 PM', 111, 113),
(706, 'parabat Express', '4:00 PM', '10:40 PM', 113, 111),
(707, 'joyontika Express', '11:30 AM', '7:00 PM', 111, 113),
(708, 'joyontika Express', '12:00 PM', '7:40 PM', 113, 111),
(709, 'paharika Express', '7:00 AM', '03:55 PM', 112, 113),
(710, 'paharika Express', '10:00 AM', '6:55 AM', 113, 112),
(711, 'udayan Express', '9:00 PM', '5:55 AM', 112, 113),
(712, 'udayan Express', '10:00 PM', '5:55 AM', 113, 112),
(713, 'Isha Khan Mail', '11:40 AM', '10:55 PM', 111, 114),
(714, 'Isha khan mail', '1:50 PM', '12:15 AM', 114, 111),
(715, 'koptakkho Express', '7:00 AM', '12:25 PM', 116, 117),
(716, 'kopotakkho Express', '2:30 PM', '8:25 PM', 117, 116),
(717, 'sundarban Express', '8:00 AM', '3:55 PM', 111, 116),
(718, 'sundarban Express', '9:45 PM', '5:15 AM', 116, 111),
(719, 'Silkcity Express', '7:00 AM', '1:15 PM', 117, 111),
(720, 'silkcity Express', '2:00 PM', '10:00 PM', 111, 117),
(721, 'modhumati Express', '6:40 AM', '2:00 PM', 117, 111),
(722, 'modhumati Express', '3:00 PM', '10:55 PM', 111, 117),
(723, 'Rangpur Express', '7:00 AM', '11:55 AM', 115, 111),
(724, 'Rangpur Express', '3:00 PM', '9:00 PM', 111, 115);

-- --------------------------------------------------------

--
-- Table structure for table `train_carriage`
--

CREATE TABLE `train_carriage` (
  `train_code` int(11) NOT NULL,
  `carriage_id` int(11) NOT NULL,
  `fare` int(11) DEFAULT NULL
) ENGINE=InnoDB DEFAULT CHARSET=utf8mb4 COLLATE=utf8mb4_general_ci;

--
-- Dumping data for table `train_carriage`
--

INSERT INTO `train_carriage` (`train_code`, `carriage_id`, `fare`) VALUES
(701, 1, 1541),
(701, 2, 1200),
(701, 3, 1100),
(701, 4, 700),
(701, 5, 700),
(701, 6, 460),
(701, 7, 1200),
(701, 8, 285),
(701, 9, 490),
(702, 1, 1541),
(702, 2, 1200),
(702, 3, 1100),
(702, 4, 700),
(702, 5, 700),
(702, 6, 460),
(702, 7, 1200),
(702, 8, 285),
(702, 9, 490),
(703, 1, 1541),
(703, 2, 1200),
(703, 3, 1100),
(703, 4, 700),
(703, 5, 700),
(703, 6, 460),
(703, 7, 1200),
(703, 8, 285),
(703, 9, 490),
(704, 1, 1541),
(704, 2, 1200),
(704, 3, 1100),
(704, 4, 700),
(704, 5, 700),
(704, 6, 460),
(704, 7, 1200),
(704, 8, 285),
(704, 9, 490),
(705, 1, 1541),
(705, 2, 1200),
(705, 3, 1100),
(705, 4, 700),
(705, 5, 700),
(705, 6, 460),
(705, 7, 1200),
(705, 8, 285),
(705, 9, 490),
(706, 1, 1541),
(706, 2, 1200),
(706, 3, 1100),
(706, 4, 700),
(706, 5, 700),
(706, 6, 460),
(706, 7, 1200),
(706, 8, 285),
(706, 9, 490),
(707, 1, 1541),
(707, 2, 1200),
(707, 3, 1100),
(707, 4, 700),
(707, 5, 700),
(707, 6, 460),
(707, 7, 1200),
(707, 8, 285),
(707, 9, 490),
(708, 1, 1541),
(708, 2, 1200),
(708, 3, 1100),
(708, 4, 700),
(708, 5, 700),
(708, 6, 460),
(708, 7, 1200),
(708, 8, 285),
(708, 9, 490),
(709, 1, 1541),
(709, 2, 1200),
(709, 3, 1100),
(709, 4, 700),
(709, 5, 700),
(709, 6, 460),
(709, 7, 1200),
(709, 8, 285),
(709, 9, 490),
(710, 1, 1541),
(710, 2, 1200),
(710, 3, 1100),
(710, 4, 700),
(710, 5, 700),
(710, 6, 460),
(710, 7, 1200),
(710, 8, 285),
(710, 9, 490),
(711, 1, 1541),
(711, 2, 1200),
(711, 3, 1100),
(711, 4, 700),
(711, 5, 700),
(711, 6, 460),
(711, 7, 1200),
(711, 8, 285),
(711, 9, 490),
(712, 1, 1541),
(712, 2, 1200),
(712, 3, 1100),
(712, 4, 700),
(712, 5, 700),
(712, 6, 460),
(712, 7, 1200),
(712, 8, 285),
(712, 9, 490),
(713, 1, 1541),
(713, 2, 1200),
(713, 3, 1100),
(713, 4, 700),
(713, 5, 700),
(713, 6, 460),
(713, 7, 1200),
(713, 8, 285),
(713, 9, 490),
(714, 1, 1541),
(714, 2, 1200),
(714, 3, 1100),
(714, 4, 700),
(714, 5, 700),
(714, 6, 460),
(714, 7, 1200),
(714, 8, 285),
(714, 9, 490),
(715, 1, 1541),
(715, 2, 1200),
(715, 3, 1100),
(715, 4, 700),
(715, 5, 700),
(715, 6, 460),
(715, 7, 1200),
(715, 8, 285),
(715, 9, 490),
(716, 1, 1541),
(716, 2, 1200),
(716, 3, 1100),
(716, 4, 700),
(716, 5, 700),
(716, 6, 460),
(716, 7, 1200),
(716, 8, 285),
(716, 9, 490),
(717, 1, 1541),
(717, 2, 1200),
(717, 3, 1100),
(717, 4, 700),
(717, 5, 700),
(717, 6, 460),
(717, 7, 1200),
(717, 8, 285),
(717, 9, 490),
(718, 1, 1541),
(718, 2, 1200),
(718, 3, 1100),
(718, 4, 700),
(718, 5, 700),
(718, 6, 460),
(718, 7, 1200),
(718, 8, 285),
(718, 9, 490),
(719, 1, 1541),
(719, 2, 1200),
(719, 3, 1100),
(719, 4, 700),
(719, 5, 700),
(719, 6, 460),
(719, 7, 1200),
(719, 8, 285),
(719, 9, 490),
(720, 1, 1541),
(720, 2, 1200),
(720, 3, 1100),
(720, 4, 700),
(720, 5, 700),
(720, 6, 460),
(720, 7, 1200),
(720, 8, 285),
(720, 9, 490),
(721, 1, 1541),
(721, 2, 1200),
(721, 3, 1100),
(721, 4, 700),
(721, 5, 700),
(721, 6, 460),
(721, 7, 1200),
(721, 8, 285),
(721, 9, 490),
(722, 1, 1541),
(722, 2, 1200),
(722, 3, 1100),
(722, 4, 700),
(722, 5, 700),
(722, 6, 460),
(722, 7, 1200),
(722, 8, 285),
(722, 9, 490),
(723, 1, 1541),
(723, 2, 1200),
(723, 3, 1100),
(723, 4, 700),
(723, 5, 700),
(723, 6, 460),
(723, 7, 1200),
(723, 8, 285),
(723, 9, 490),
(724, 1, 1541),
(724, 2, 1200),
(724, 3, 1100),
(724, 4, 700),
(724, 5, 700),
(724, 6, 460),
(724, 7, 1200),
(724, 8, 285),
(724, 9, 490);

-- --------------------------------------------------------

--
-- Table structure for table `train_station`
--

CREATE TABLE `train_station` (
  `STATION_CODE` int(11) NOT NULL,
  `STATION_NAME` varchar(30) NOT NULL,
  `ZONE_CODE` int(11) DEFAULT NULL
) ENGINE=InnoDB DEFAULT CHARSET=utf8mb4 COLLATE=utf8mb4_general_ci;

--
-- Dumping data for table `train_station`
--

INSERT INTO `train_station` (`STATION_CODE`, `STATION_NAME`, `ZONE_CODE`) VALUES
(111, 'Kamalapur Railway Station', 101),
(112, 'Chittagong Railway Station', 101),
(113, 'Sylhet Railway Station', 101),
(114, 'Mymensingh Railway Station', 101),
(115, 'Rangpur Railway Station', 201),
(116, 'Khulna Railway Station', 201),
(117, 'Rajshahi Railway Station', 201),
(118, 'Faridpur Railway Station', 201);

-- --------------------------------------------------------

--
-- Table structure for table `users`
--

CREATE TABLE `users` (
  `id` int(11) NOT NULL,
  `firstName` varchar(100) NOT NULL,
  `lastName` varchar(100) NOT NULL,
  `Email` varchar(100) NOT NULL,
  `Phone` varchar(50) NOT NULL,
  `Password` varchar(50) NOT NULL
) ENGINE=InnoDB DEFAULT CHARSET=utf8mb4 COLLATE=utf8mb4_general_ci;

--
-- Dumping data for table `users`
--

INSERT INTO `users` (`id`, `firstName`, `lastName`, `Email`, `Phone`, `Password`) VALUES
(1, 'Mahmudul', 'islam', 'hello123@gmail.com', '01555555291', '12345'),
(15, 'david', 'villa', 'david123@gmail.com', '01555555291', '12345'),
(16, 'petr', 'cech', 'cech123@gmail.com', '01555555291', '12345'),
(17, 'nico', 'barella', 'nico123@gmail.com', '01555555291', '12345'),
(18, 'jude', 'bellingham', 'jude123@gmail.com', '01555555291', '12345'),
(19, 'eric', 'cantona', 'eric123@gmail.com', '01555555291', '12345');

-- --------------------------------------------------------

--
-- Table structure for table `zone`
--

CREATE TABLE `zone` (
  `ZONE_ID` int(11) DEFAULT NULL,
  `ZONE_CODE` int(11) NOT NULL,
  `ZONE_NAME` varchar(20) NOT NULL
) ENGINE=InnoDB DEFAULT CHARSET=utf8mb4 COLLATE=utf8mb4_general_ci;

--
-- Dumping data for table `zone`
--

INSERT INTO `zone` (`ZONE_ID`, `ZONE_CODE`, `ZONE_NAME`) VALUES
(1, 101, 'EAST ZONE'),
(2, 201, 'WEST ZONE');

--
-- Indexes for dumped tables
--

--
-- Indexes for table `bookings`
--
ALTER TABLE `bookings`
  ADD PRIMARY KEY (`booking_id`),
  ADD KEY `user_id` (`user_id`),
  ADD KEY `train_code` (`train_code`),
  ADD KEY `status_id` (`status_id`);

--
-- Indexes for table `booking_status`
--
ALTER TABLE `booking_status`
  ADD PRIMARY KEY (`status_id`);

--
-- Indexes for table `carriage_class`
--
ALTER TABLE `carriage_class`
  ADD PRIMARY KEY (`carriage_id`);

--
-- Indexes for table `genders`
--
ALTER TABLE `genders`
  ADD PRIMARY KEY (`gender_id`),
  ADD UNIQUE KEY `gender_name` (`gender_name`);

--
-- Indexes for table `passengers`
--
ALTER TABLE `passengers`
  ADD PRIMARY KEY (`passenger_id`),
  ADD KEY `booking_id` (`booking_id`),
  ADD KEY `carriage_id` (`carriage_id`),
  ADD KEY `gender_id` (`gender_id`);

--
-- Indexes for table `payments`
--
ALTER TABLE `payments`
  ADD PRIMARY KEY (`payment_id`),
  ADD KEY `booking_id` (`booking_id`),
  ADD KEY `method_id` (`method_id`),
  ADD KEY `status_id` (`status_id`);

--
-- Indexes for table `payment_methods`
--
ALTER TABLE `payment_methods`
  ADD PRIMARY KEY (`method_id`),
  ADD UNIQUE KEY `method_name` (`method_name`);

--
-- Indexes for table `payment_status`
--
ALTER TABLE `payment_status`
  ADD PRIMARY KEY (`status_id`),
  ADD UNIQUE KEY `status_name` (`status_name`);

--
-- Indexes for table `refunds`
--
ALTER TABLE `refunds`
  ADD PRIMARY KEY (`refund_id`),
  ADD KEY `booking_id` (`booking_id`),
  ADD KEY `payment_id` (`payment_id`);

--
-- Indexes for table `refund_rules`
--
ALTER TABLE `refund_rules`
  ADD PRIMARY KEY (`rule_id`);

--
-- Indexes for table `seat_availability`
--
ALTER TABLE `seat_availability`
  ADD PRIMARY KEY (`train_code`,`carriage_id`,`journey_date`),
  ADD KEY `fk_seat_carriage` (`carriage_id`);

--
-- Indexes for table `seat_reservations`
--
ALTER TABLE `seat_reservations`
  ADD PRIMARY KEY (`id`),
  ADD UNIQUE KEY `train_code` (`train_code`,`carriage_id`,`journey_date`,`seat_number`),
  ADD KEY `booking_id` (`booking_id`);

--
-- Indexes for table `stops_at`
--
ALTER TABLE `stops_at`
  ADD PRIMARY KEY (`train_code`,`station_code`),
  ADD KEY `station_code` (`station_code`);

--
-- Indexes for table `train`
--
ALTER TABLE `train`
  ADD PRIMARY KEY (`train_code`),
  ADD KEY `fk_trains_start_station` (`start_station_code`),
  ADD KEY `fk_trains_end_station` (`end_station_code`);

--
-- Indexes for table `train_carriage`
--
ALTER TABLE `train_carriage`
  ADD PRIMARY KEY (`train_code`,`carriage_id`),
  ADD KEY `fk_traincarriage_carriage` (`carriage_id`);

--
-- Indexes for table `train_station`
--
ALTER TABLE `train_station`
  ADD PRIMARY KEY (`STATION_CODE`),
  ADD KEY `fk_station_zonecode` (`ZONE_CODE`);

--
-- Indexes for table `users`
--
ALTER TABLE `users`
  ADD PRIMARY KEY (`id`);

--
-- Indexes for table `zone`
--
ALTER TABLE `zone`
  ADD PRIMARY KEY (`ZONE_CODE`);

--
-- AUTO_INCREMENT for dumped tables
--

--
-- AUTO_INCREMENT for table `bookings`
--
ALTER TABLE `bookings`
  MODIFY `booking_id` int(11) NOT NULL AUTO_INCREMENT, AUTO_INCREMENT=42;

--
-- AUTO_INCREMENT for table `booking_status`
--
ALTER TABLE `booking_status`
  MODIFY `status_id` int(11) NOT NULL AUTO_INCREMENT, AUTO_INCREMENT=4;

--
-- AUTO_INCREMENT for table `genders`
--
ALTER TABLE `genders`
  MODIFY `gender_id` int(11) NOT NULL AUTO_INCREMENT, AUTO_INCREMENT=4;

--
-- AUTO_INCREMENT for table `passengers`
--
ALTER TABLE `passengers`
  MODIFY `passenger_id` int(11) NOT NULL AUTO_INCREMENT, AUTO_INCREMENT=79;

--
-- AUTO_INCREMENT for table `payments`
--
ALTER TABLE `payments`
  MODIFY `payment_id` int(11) NOT NULL AUTO_INCREMENT, AUTO_INCREMENT=40;

--
-- AUTO_INCREMENT for table `payment_methods`
--
ALTER TABLE `payment_methods`
  MODIFY `method_id` int(11) NOT NULL AUTO_INCREMENT, AUTO_INCREMENT=5;

--
-- AUTO_INCREMENT for table `payment_status`
--
ALTER TABLE `payment_status`
  MODIFY `status_id` int(11) NOT NULL AUTO_INCREMENT, AUTO_INCREMENT=4;

--
-- AUTO_INCREMENT for table `refunds`
--
ALTER TABLE `refunds`
  MODIFY `refund_id` int(11) NOT NULL AUTO_INCREMENT;

--
-- AUTO_INCREMENT for table `refund_rules`
--
ALTER TABLE `refund_rules`
  MODIFY `rule_id` int(11) NOT NULL AUTO_INCREMENT;

--
-- AUTO_INCREMENT for table `seat_reservations`
--
ALTER TABLE `seat_reservations`
  MODIFY `id` int(11) NOT NULL AUTO_INCREMENT, AUTO_INCREMENT=82;

--
-- AUTO_INCREMENT for table `users`
--
ALTER TABLE `users`
  MODIFY `id` int(11) NOT NULL AUTO_INCREMENT, AUTO_INCREMENT=20;

--
-- Constraints for dumped tables
--

--
-- Constraints for table `bookings`
--
ALTER TABLE `bookings`
  ADD CONSTRAINT `bookings_ibfk_1` FOREIGN KEY (`user_id`) REFERENCES `users` (`id`) ON DELETE CASCADE ON UPDATE CASCADE,
  ADD CONSTRAINT `bookings_ibfk_2` FOREIGN KEY (`train_code`) REFERENCES `train` (`train_code`) ON DELETE CASCADE ON UPDATE CASCADE,
  ADD CONSTRAINT `bookings_ibfk_3` FOREIGN KEY (`status_id`) REFERENCES `booking_status` (`status_id`) ON DELETE SET NULL ON UPDATE CASCADE;

--
-- Constraints for table `passengers`
--
ALTER TABLE `passengers`
  ADD CONSTRAINT `passengers_ibfk_1` FOREIGN KEY (`booking_id`) REFERENCES `bookings` (`booking_id`) ON DELETE CASCADE ON UPDATE CASCADE,
  ADD CONSTRAINT `passengers_ibfk_2` FOREIGN KEY (`carriage_id`) REFERENCES `carriage_class` (`carriage_id`) ON DELETE SET NULL,
  ADD CONSTRAINT `passengers_ibfk_3` FOREIGN KEY (`gender_id`) REFERENCES `genders` (`gender_id`) ON DELETE SET NULL ON UPDATE CASCADE;

--
-- Constraints for table `payments`
--
ALTER TABLE `payments`
  ADD CONSTRAINT `payments_ibfk_1` FOREIGN KEY (`booking_id`) REFERENCES `bookings` (`booking_id`) ON DELETE CASCADE ON UPDATE CASCADE,
  ADD CONSTRAINT `payments_ibfk_2` FOREIGN KEY (`method_id`) REFERENCES `payment_methods` (`method_id`) ON DELETE CASCADE ON UPDATE CASCADE,
  ADD CONSTRAINT `payments_ibfk_3` FOREIGN KEY (`status_id`) REFERENCES `payment_status` (`status_id`) ON DELETE CASCADE ON UPDATE CASCADE;

--
-- Constraints for table `refunds`
--
ALTER TABLE `refunds`
  ADD CONSTRAINT `refunds_ibfk_1` FOREIGN KEY (`booking_id`) REFERENCES `bookings` (`booking_id`) ON DELETE CASCADE,
  ADD CONSTRAINT `refunds_ibfk_2` FOREIGN KEY (`payment_id`) REFERENCES `payments` (`payment_id`) ON DELETE SET NULL;

--
-- Constraints for table `seat_availability`
--
ALTER TABLE `seat_availability`
  ADD CONSTRAINT `fk_seat_carriage` FOREIGN KEY (`carriage_id`) REFERENCES `carriage_class` (`carriage_id`) ON DELETE CASCADE ON UPDATE CASCADE,
  ADD CONSTRAINT `fk_seat_train` FOREIGN KEY (`train_code`) REFERENCES `train` (`train_code`) ON DELETE CASCADE ON UPDATE CASCADE;

--
-- Constraints for table `seat_reservations`
--
ALTER TABLE `seat_reservations`
  ADD CONSTRAINT `seat_reservations_ibfk_1` FOREIGN KEY (`booking_id`) REFERENCES `bookings` (`booking_id`) ON DELETE CASCADE ON UPDATE CASCADE;

--
-- Constraints for table `stops_at`
--
ALTER TABLE `stops_at`
  ADD CONSTRAINT `fk_stopsat_train` FOREIGN KEY (`train_code`) REFERENCES `train` (`train_code`) ON DELETE CASCADE ON UPDATE CASCADE;

--
-- Constraints for table `train`
--
ALTER TABLE `train`
  ADD CONSTRAINT `fk_trains_end_station` FOREIGN KEY (`end_station_code`) REFERENCES `train_station` (`STATION_CODE`) ON DELETE SET NULL ON UPDATE CASCADE,
  ADD CONSTRAINT `fk_trains_start_station` FOREIGN KEY (`start_station_code`) REFERENCES `train_station` (`STATION_CODE`) ON DELETE SET NULL ON UPDATE CASCADE;

--
-- Constraints for table `train_carriage`
--
ALTER TABLE `train_carriage`
  ADD CONSTRAINT `fk_traincarriage_carriage` FOREIGN KEY (`carriage_id`) REFERENCES `carriage_class` (`carriage_id`) ON DELETE CASCADE ON UPDATE CASCADE,
  ADD CONSTRAINT `fk_traincarriage_train` FOREIGN KEY (`train_code`) REFERENCES `train` (`train_code`) ON DELETE CASCADE ON UPDATE CASCADE;

--
-- Constraints for table `train_station`
--
ALTER TABLE `train_station`
  ADD CONSTRAINT `fk_station_zonecode` FOREIGN KEY (`ZONE_CODE`) REFERENCES `zone` (`ZONE_CODE`) ON DELETE SET NULL ON UPDATE CASCADE;
COMMIT;

/*!40101 SET CHARACTER_SET_CLIENT=@OLD_CHARACTER_SET_CLIENT */;
/*!40101 SET CHARACTER_SET_RESULTS=@OLD_CHARACTER_SET_RESULTS */;
/*!40101 SET COLLATION_CONNECTION=@OLD_COLLATION_CONNECTION */;
